priorityRank,reviewType,priorityReason,id,name,district,address,dmrcaRegistrationNo,latitude,longitude,confidence,notes
1,quick_confirm,"3 source(s) (nsdi,dmrca,osm), high confidence — corroborated, ready for a quick manual confirm.",nsdi-16027,BAITHUL MUBARAK BUKHARI THAKKIYA,Kalutara,"MALIGAWATTE, MALIGAHENA",R/807/KL.42,6.577581781000049,80.14738434400005,high,
2,quick_confirm,"3 source(s) (nsdi,dmrca,osm), high confidence — corroborated, ready for a quick manual confirm.",nsdi-17967,AL - MASJIDUL MUNEER,Ampara,"HIDAYAPURAM,",R/1322/AM/94,6.878538936000041,81.83902609100005,high,
3,quick_confirm,"3 source(s) (nsdi,dmrca,osm), high confidence — corroborated, ready for a quick manual confirm.",nsdi-18539,MARADANA MOSQUE,Colombo,"MARADANA ROAD, MARADANA",R/1691/C.169,6.927698218000046,79.86400188400006,high,
4,quick_confirm,"3 source(s) (nsdi,dmrca,osm), high confidence — corroborated, ready for a quick manual confirm.",nsdi-18963,THALDUWA JUMMA MOSQUE,Kegalle,THALDUWA,R/0161/KD/15,6.9567516390000605,80.22037612500003,high,
5,quick_confirm,"3 source(s) (nsdi,dmrca,osm), high confidence — corroborated, ready for a quick manual confirm.",nsdi-19030,MUTWAL JUMMA MOSQUE,Colombo,"74, MUTUWELLA MAWATHA",R/88/C.17,6.962547162000021,79.86400237600003,high,
6,quick_confirm,"3 source(s) (nsdi,dmrca,osm), high confidence — corroborated, ready for a quick manual confirm.",nsdi-20227,RADDOLUGAMA JUMMAH MOSQUE,Gampaha,RADDOLUGAMA,R/2090/GM 74,7.142447634000064,79.89760081500003,high,
7,quick_confirm,"3 source(s) (nsdi,dmrca,osm), high confidence — corroborated, ready for a quick manual confirm.",nsdi-21297,KATUKELLE JUMMA MOSQUE,Kandy,"396/16, PERADENIYA ROAD",R/592/K.78,7.286011452000025,80.62347414900006,high,
8,quick_confirm,"3 source(s) (nsdi,dmrca,osm), high confidence — corroborated, ready for a quick manual confirm.",nsdi-21883,AL MASJITHUL ILAHI,Ampara,SENGAMAM,R/1993/AM/199,7.356948665000061,81.77941154900003,high,
9,conflict_to_resolve,"2 source(s) (nsdi,osm), high confidence — has an unresolved candidate to adjudicate.",nsdi-14694,PORWAI JUMMAH MOSQUE,Matara,,,6.1237136480000345,80.48443800100006,high,"A low-confidence DMRCA candidate exists (registrationNo=R/0356/MR/11, name='PORWAI MOHIDEEN MOSQUE', score=84.8) — not linked, needs manual review."
10,conflict_to_resolve,"2 source(s) (nsdi,osm), high confidence — has an unresolved candidate to adjudicate.",nsdi-15683,Ketchimale Mosque,Kalutara,,,6.473074736000058,79.97639513700005,high,"A low-confidence DMRCA candidate exists (registrationNo=R/540/KL.33, name='KACHCHIMALAI SHRINE', score=72.7) — not linked, needs manual review."
11,conflict_to_resolve,"2 source(s) (nsdi,dmrca), high confidence — has an unresolved candidate to adjudicate.",nsdi-16842,MANBAUL NALEEMIYYA JUMMA MASJID,Kalutara,"20 SRI JINA MAWATHA, KESELWATTA",R/2240/KL/91,6.751130402000058,79.90638357400007,high,"An ambiguous OSM candidate exists (node/6615693730, name='gcjhdgh', 175.0m away) — Nearest OSM mosque is 175m away, but its name ('gcjhdgh') doesn't resemble the NSDI name ('Manbaul') — possible name conflict / two distinct nearby mosques. Not linked, needs manual review."
12,conflict_to_resolve,"2 source(s) (nsdi,osm), high confidence — has an unresolved candidate to adjudicate.",nsdi-16876,Nakshabandiya Jummah Mosque,Kalutara,,,6.756396958000039,79.90239694300004,high,"A low-confidence DMRCA candidate exists (registrationNo=R/314/KL.22, name='NAKSHABANDIYA THAKKIYA', score=100.0) — not linked, needs manual review."
13,conflict_to_resolve,"2 source(s) (nsdi,osm), high confidence — has an unresolved candidate to adjudicate.",nsdi-18259,Nooraniya Jummah Masjid,Colombo,,,6.905148968000049,79.90005999800007,high,"A low-confidence DMRCA candidate exists (registrationNo=R/1818/C.173, name='NOORANIYA JUMMA MASJID', score=94.1) — not linked, needs manual review."
14,conflict_to_resolve,"2 source(s) (nsdi,osm), high confidence — has an unresolved candidate to adjudicate.",nsdi-18387,Dawatagaha Mosque,Colombo,,,6.916247141000042,79.86437932400008,high,"A low-confidence DMRCA candidate exists (registrationNo=R/334/C.37, name='DEWATAGAHA MOSQUE & SHRINE', score=80.0) — not linked, needs manual review."
15,conflict_to_resolve,"2 source(s) (nsdi,osm), high confidence — has an unresolved candidate to adjudicate.",nsdi-18688,Masjidus Salam Jumma Masjid,Colombo,,,6.936953534000054,79.87206236900005,high,"A low-confidence DMRCA candidate exists (registrationNo=R/43/C.09, name='MASJIDUS SALAM JUMMA MOSQUE', score=100.0) — not linked, needs manual review."
16,conflict_to_resolve,"2 source(s) (nsdi,osm), high confidence — has an unresolved candidate to adjudicate.",nsdi-18723,Masjidhul Salam,Colombo,,,6.939202500000022,79.87302059200005,high,"A low-confidence DMRCA candidate exists (registrationNo=R/1784/C.170, name='MASJIDUL DARUL SALAM', score=100.0) — not linked, needs manual review."
17,conflict_to_resolve,"2 source(s) (nsdi,dmrca), high confidence — has an unresolved candidate to adjudicate.",nsdi-18762,AL MAKAMUS SAIFUDEEN MOSQUE,Colombo,"344,WOLFENDAL STREET,COLOMBO-13",R/2503/C/23 7,6.941654838000034,79.85921174400005,high,"An ambiguous OSM candidate exists (way/1040165981, name='None', 122.7m away) — Closest OSM candidate is 123m away, contested by another nearby candidate, no name signal. Not linked, needs manual review."
18,conflict_to_resolve,"2 source(s) (nsdi,osm), high confidence — has an unresolved candidate to adjudicate.",nsdi-18850,Raxapana Jumma Mosque,Gampaha,,,6.947623043000021,80.01214870300004,high,"A low-confidence DMRCA candidate exists (registrationNo=R/04/GM.01, name='RAKSHAPANA JUMMA MOSQUE', score=77.8) — not linked, needs manual review."
19,conflict_to_resolve,"2 source(s) (nsdi,osm), high confidence — has an unresolved candidate to adjudicate.",nsdi-19002,Masjidur Rahumaniya Mosque,Colombo,,,6.960171412000022,79.86860372400008,high,"A low-confidence DMRCA candidate exists (registrationNo=R/1071/C.114, name='AL MASJIDUR RAHMANIYA MOSQUE', score=94.7) — not linked, needs manual review."
20,conflict_to_resolve,"2 source(s) (nsdi,osm), high confidence — has an unresolved candidate to adjudicate.",nsdi-19005,Masjidul Hidyih Jumma Mosque,Colombo,,,6.960736123000061,79.87245006500007,high,"A low-confidence DMRCA candidate exists (registrationNo=R/1823/C.174, name='HIDAYATH MOSQUE', score=71.4) — not linked, needs manual review."
21,conflict_to_resolve,"2 source(s) (nsdi,osm), high confidence — has an unresolved candidate to adjudicate.",nsdi-19323,Akbar Town Jumma Masjid,Gampaha,,,6.990645290000032,79.90930390700004,high,"A low-confidence DMRCA candidate exists (registrationNo=R/894/GM.21, name='AKBAR TOWN JUMMA MASJID', score=100.0) — not linked, needs manual review."
22,conflict_to_resolve,"2 source(s) (nsdi,osm), high confidence — has an unresolved candidate to adjudicate.",nsdi-20782,AL Mathrasathul Muhammathiya,Ampara,,,7.22711729100007,81.82149761800008,high,"A low-confidence DMRCA candidate exists (registrationNo=R/960/AM/44, name='SAMATHANIYA MATHURASA THAKKIYA', score=73.9) — not linked, needs manual review."
23,conflict_to_resolve,"2 source(s) (nsdi,dmrca), high confidence — has an unresolved candidate to adjudicate.",nsdi-20999,HINGULOYA MASJIDUL HUDA JUMMA MOSQUE,Kegalle,HINGULOYA,R/0451/KD/33,7.253793896000047,80.45495997800003,high,"An ambiguous OSM candidate exists (node/10578236564, name='Masjidul Hudha jumma Mosque', 11.0m away) — Nearest OSM mosque is 11m away, but its name ('Masjidul Hudha jumma Mosque') doesn't resemble the NSDI name ('Jumma Mosque Hinguloya') — possible name conflict / two distinct nearby mosques. Not linked, needs manual review."
24,conflict_to_resolve,"2 source(s) (nsdi,dmrca), high confidence — has an unresolved candidate to adjudicate.",nsdi-21150,PALAMUNAI JUMMA MOSQUE,Ampara,PALAMUNAI,R/0778/AM/37,7.270185391000041,81.84744877300005,high,"An ambiguous OSM candidate exists (way/1267880391, name='Dhana Al Buzairy Jumma Masjid', 9.2m away) — Nearest OSM mosque is 9m away, but its name ('Dhana Al Buzairy Jumma Masjid') doesn't resemble the NSDI name ('Thaha Al-Pusairi Jummah Mosque, Palamunai') — possible name conflict / two distinct nearby mosques. Not linked, needs manual review."
25,conflict_to_resolve,"2 source(s) (nsdi,osm), high confidence — has an unresolved candidate to adjudicate.",nsdi-25301,Mohideen Jumma Masjid(Mosque),Anuradhapura,,,8.262626279000074,80.20851689600005,high,"A low-confidence DMRCA candidate exists (registrationNo=R/312/A.13, name='MOHIDEEN JUMMA MOSQUE', score=100.0) — not linked, needs manual review."
26,conflict_to_resolve,"2 source(s) (nsdi,dmrca), high confidence — has an unresolved candidate to adjudicate.",nsdi-25714,MASJIDUL HIRA,Trincomalee,"JABBAR ROAD, ALIM NAGAR,MUTHUR - 02",R/2637/T/227,8.493913166000027,81.18589202900006,high,"An ambiguous OSM candidate exists (way/1506647098, name='Senekaatu Palli', 269.9m away) — Nearest OSM mosque is 270m away, but its name ('Senekaatu Palli') doesn't resemble the NSDI name ('Al Hira Mosque') — possible name conflict / two distinct nearby mosques. Not linked, needs manual review."
27,conflict_to_resolve,"2 source(s) (nsdi,osm), high confidence — has an unresolved candidate to adjudicate.",nsdi-25729,Hijra Mosque,Trincomalee,,,8.500773486000071,81.18606430200003,high,"A low-confidence DMRCA candidate exists (registrationNo=R/0720/T/043, name='AL HIJRA JUMMA MASJID', score=100.0) — not linked, needs manual review."
28,conflict_to_resolve,"2 source(s) (nsdi,osm), high confidence — has an unresolved candidate to adjudicate.",nsdi-26238,Masjid Munawwara Mosque,Mannar,,,8.84983408000005,80.37087624900005,high,"A low-confidence DMRCA candidate exists (registrationNo=R/1510/MN 61, name='MASJIDUL MUNAWWARAH', score=94.7) — not linked, needs manual review."
29,conflict_to_resolve,"2 source(s) (nsdi,osm), high confidence — has an unresolved candidate to adjudicate.",nsdi-26737,Masjithul Abtheen Jumma,Kilinochchi,,,9.410787653000057,80.40779967000003,high,"A low-confidence DMRCA candidate exists (registrationNo=R/0889/KN/02, name='MASJIDUL ABDEEN JUMMA MOSQUE', score=76.9) — not linked, needs manual review."
30,quick_confirm,"2 source(s) (nsdi,dmrca), high confidence — corroborated, ready for a quick manual confirm.",nsdi-14237,KOLEDANDA JUMMA MOSQUE,Matara,WELIGAMA,R/0603/MR/25,5.998168705000069,80.44068522900005,high,
31,quick_confirm,"2 source(s) (nsdi,osm), high confidence — corroborated, ready for a quick manual confirm.",nsdi-14331,Zaviya Ummul Fuqarah,Galle,,,6.02472947900003,80.21763152800008,high,
32,quick_confirm,"2 source(s) (nsdi,osm), high confidence — corroborated, ready for a quick manual confirm.",nsdi-14394,Muhiyaddeen Jumma Masjid,Galle,,,6.038091411000039,80.22353353900007,high,
33,quick_confirm,"2 source(s) (nsdi,osm), high confidence — corroborated, ready for a quick manual confirm.",nsdi-14424,,Galle,,,6.044553686000029,80.22013685100006,high,
34,quick_confirm,"2 source(s) (nsdi,osm), high confidence — corroborated, ready for a quick manual confirm.",nsdi-14428,,Galle,,,6.045660748000046,80.22219596000008,high,
35,quick_confirm,"2 source(s) (nsdi,osm), high confidence — corroborated, ready for a quick manual confirm.",nsdi-14458,Haliwala Jumma Masjid,Galle,,,6.052116319000049,80.23869637900003,high,
36,quick_confirm,"2 source(s) (nsdi,osm), high confidence — corroborated, ready for a quick manual confirm.",nsdi-14523,,Galle,,,6.068353307000052,80.21497172200003,high,
37,quick_confirm,"2 source(s) (nsdi,dmrca), high confidence — corroborated, ready for a quick manual confirm.",nsdi-14736,MASJIDUN NOOR JUMMA MOSQUE,Hambantota,CIPPIKULAM,R/1128/H/17,6.140826430000061,81.12358633000008,high,
38,quick_confirm,"2 source(s) (nsdi,osm), high confidence — corroborated, ready for a quick manual confirm.",nsdi-15570,Grand Mosque - Muhiyaddeen Jummah Masjid,Kalutara,,,6.438787062000074,80.00418867700006,high,
39,quick_confirm,"2 source(s) (nsdi,osm), high confidence — corroborated, ready for a quick manual confirm.",nsdi-15666,Hilriya Mosque Molliyamala,Kalutara,,,6.469210833000034,79.97842458300005,high,
40,quick_confirm,"2 source(s) (nsdi,dmrca), high confidence — corroborated, ready for a quick manual confirm.",nsdi-15672,MASJIDUN NABAVI JUMMA MOSQUE,Kalutara,MOSQUE ROAD,R/28/KL.05,6.470517251000047,80.10658861900004,high,
41,quick_confirm,"2 source(s) (nsdi,osm), high confidence — corroborated, ready for a quick manual confirm.",nsdi-15698,fassiya jummah masjid Mosque,Kalutara,,,6.476200493000022,79.98559063000005,high,
42,quick_confirm,"2 source(s) (nsdi,dmrca), high confidence — corroborated, ready for a quick manual confirm.",nsdi-15750,MAGGONA JUMMA MOSQUE,Kalutara,MAGGONA,R/172/KL.13,6.498313013000029,79.98395160800004,high,
43,quick_confirm,"2 source(s) (nsdi,osm), high confidence — corroborated, ready for a quick manual confirm.",nsdi-15754,,Kalutara,,,6.499066736000032,79.98035366800008,high,
44,quick_confirm,"2 source(s) (nsdi,dmrca), high confidence — corroborated, ready for a quick manual confirm.",nsdi-15991,MASJIDUS SHUHADA,Kalutara,"32/4A, KALEEL PLACE,",R/2111/KL/85,6.569001558000025,79.97015705800004,high,
45,quick_confirm,"2 source(s) (nsdi,dmrca), high confidence — corroborated, ready for a quick manual confirm.",nsdi-16025,MOHIYIDEEN HILUR GRAND JUMMA MOSQUE & SHRINE & MOHIDEEN PALLI,Kalutara,"52, MOSQUE STREET",R/18/KL.03,6.576455794000026,79.96593211900006,high,
46,quick_confirm,"2 source(s) (nsdi,osm), high confidence — corroborated, ready for a quick manual confirm.",nsdi-16037,Jumma Masjid Mosque,Ratnapura,,,6.580695457000047,80.57323885500006,high,
47,quick_confirm,"2 source(s) (nsdi,osm), high confidence — corroborated, ready for a quick manual confirm.",nsdi-16046,,Kalutara,,,6.581901099000049,80.14607701800008,high,
48,quick_confirm,"2 source(s) (nsdi,dmrca), high confidence — corroborated, ready for a quick manual confirm.",nsdi-16050,KALUTARA BAZAAR MOSQUE,Kalutara,"DE SILVA STREET,",R/149/KL.09,6.5829789280000455,79.96088121200006,high,
49,quick_confirm,"2 source(s) (nsdi,osm), high confidence — corroborated, ready for a quick manual confirm.",nsdi-16336,Town Masjid,Ratnapura,,,6.650660414000072,80.69918310600008,high,
50,quick_confirm,"2 source(s) (nsdi,osm), high confidence — corroborated, ready for a quick manual confirm.",nsdi-16454,,Ratnapura,,,6.6800320600000305,80.40840739900005,high,
51,quick_confirm,"2 source(s) (nsdi,dmrca), high confidence — corroborated, ready for a quick manual confirm.",nsdi-16806,RAWLATHUL ASFIYA JUMMA MOSQUE,Kalutara,PALLIMULLA,R/271/KL.20,6.742895476000058,79.89969030400005,high,
52,quick_confirm,"2 source(s) (nsdi,osm), high confidence — corroborated, ready for a quick manual confirm.",nsdi-17459,jummah masjith mosque,Badulla,,,6.8314794120000215,80.98800197400004,high,
53,quick_confirm,"2 source(s) (nsdi,osm), high confidence — corroborated, ready for a quick manual confirm.",nsdi-17602,An noor jummah mosque gurutalawa,Badulla,,,6.84814355900005,80.90297672800006,high,
54,quick_confirm,"2 source(s) (nsdi,osm), high confidence — corroborated, ready for a quick manual confirm.",nsdi-17647,Dehiwala Town Jumma Mosque,Colombo,,,6.852979575000063,79.86625384600006,high,
55,quick_confirm,"2 source(s) (nsdi,osm), high confidence — corroborated, ready for a quick manual confirm.",nsdi-17773,Pottuvil Muslim markas,Ampara,,,6.863006879000068,81.83342093500005,high,
56,quick_confirm,"2 source(s) (nsdi,dmrca), high confidence — corroborated, ready for a quick manual confirm.",nsdi-17890,AL MASJIDUL NAJATH,Ampara,"PAKIYAWATTE,",R/1324/AM/96,6.872077646000037,81.82419949200005,high,
57,quick_confirm,"2 source(s) (nsdi,osm), high confidence — corroborated, ready for a quick manual confirm.",nsdi-17949,Wellawatte Jumma Masjid,Colombo,,,6.8770402460000355,79.86005781400007,high,
58,quick_confirm,"2 source(s) (nsdi,osm), high confidence — corroborated, ready for a quick manual confirm.",nsdi-18089,Hatton Jumma Mosque,Nuwara Eliya,,,6.891695367000068,80.59865057100006,high,
59,quick_confirm,"2 source(s) (nsdi,osm), high confidence — corroborated, ready for a quick manual confirm.",nsdi-18133,Borah Mosque,Colombo,,,6.894718451000074,79.85313713900007,high,
60,quick_confirm,"2 source(s) (nsdi,osm), high confidence — corroborated, ready for a quick manual confirm.",nsdi-18182,Jawatte Jumma Masjid,Colombo,,,6.8987730710000505,79.86858026200008,high,
61,quick_confirm,"2 source(s) (nsdi,osm), high confidence — corroborated, ready for a quick manual confirm.",nsdi-18262,,Badulla,,,6.906049580000058,80.84436086800008,high,
62,quick_confirm,"2 source(s) (nsdi,osm), high confidence — corroborated, ready for a quick manual confirm.",nsdi-18276,Nawala Jumma Mosque,Colombo,,,6.906788085000073,79.89544771900006,high,
63,quick_confirm,"2 source(s) (nsdi,osm), high confidence — corroborated, ready for a quick manual confirm.",nsdi-18351,Jumma Mosque Kollupitiya,Colombo,,,6.913188597000044,79.85058558500003,high,
64,quick_confirm,"2 source(s) (nsdi,dmrca), high confidence — corroborated, ready for a quick manual confirm.",nsdi-18293,HANWELLA JUMMA MOSQUE,Colombo,CROSS ROAD,R/428/C.41,6.908157479000067,80.08392096900008,high,
65,quick_confirm,"2 source(s) (nsdi,osm), high confidence — corroborated, ready for a quick manual confirm.",nsdi-18391,Abdeen Jumma Mosque,Colombo,,,6.916749035000066,79.87710396800009,high,
66,quick_confirm,"2 source(s) (nsdi,osm), high confidence — corroborated, ready for a quick manual confirm.",nsdi-18469,Wekanfa Jumma Mosque,Colombo,,,6.9224173310000765,79.85157879300004,high,
67,quick_confirm,"2 source(s) (nsdi,osm), high confidence — corroborated, ready for a quick manual confirm.",nsdi-18480,Tholappu Garden Mosque,Colombo,,,6.923333399000057,79.85038403000004,high,
68,quick_confirm,"2 source(s) (nsdi,osm), high confidence — corroborated, ready for a quick manual confirm.",nsdi-18523,Java Lane Mosque,Colombo,,,6.926068052000062,79.84936220200007,high,
69,quick_confirm,"2 source(s) (nsdi,osm), high confidence — corroborated, ready for a quick manual confirm.",nsdi-18644,Fort Jumma Mosque,Colombo,,,6.934693080000045,79.84386068500004,high,
70,quick_confirm,"2 source(s) (nsdi,osm), high confidence — corroborated, ready for a quick manual confirm.",nsdi-18710,Jami Ul Alfar Mosque,Colombo,,,6.938582332000067,79.85170063600003,high,
71,quick_confirm,"2 source(s) (nsdi,osm), high confidence — corroborated, ready for a quick manual confirm.",nsdi-18743,Masjid Muhiadeen Khadiriya Thakiya,Colombo,,,6.940430475000028,79.86069144000004,high,
72,quick_confirm,"2 source(s) (nsdi,dmrca), high confidence — corroborated, ready for a quick manual confirm.",nsdi-18774,WATAWALA JUMMAH MOSQUE,Nuwara Eliya,WATAWALA BAZAAR,R/2135/N/36,6.943478152000068,80.53906183700008,high,
73,quick_confirm,"2 source(s) (nsdi,dmrca), high confidence — corroborated, ready for a quick manual confirm.",nsdi-18922,MASJIDUL MUBARAK & THAKKIYA,Gampaha,YATIHENA ROAD,R/2125/GM 76,6.952524813000025,80.01383016500006,high,
74,quick_confirm,"2 source(s) (nsdi,dmrca), high confidence — corroborated, ready for a quick manual confirm.",nsdi-18985,MALWANA JUMMA MOSQUE,Gampaha,KARABUGAS JUNCTION MALWANA,R/2423/GM 92,6.959222505000071,80.01622412700004,high,
75,quick_confirm,"2 source(s) (nsdi,osm), high confidence — corroborated, ready for a quick manual confirm.",nsdi-19010,Al Masidua Islahiya Mosque,Colombo,,,6.961101160000055,79.87000623800003,high,
76,quick_confirm,"2 source(s) (nsdi,osm), high confidence — corroborated, ready for a quick manual confirm.",nsdi-19014,kottagoda jummah masjith,Badulla,,,6.962472167000044,80.93941099800008,high,
77,quick_confirm,"2 source(s) (nsdi,osm), high confidence — corroborated, ready for a quick manual confirm.",nsdi-19047,,Colombo,,,6.963995515000022,79.86356381900003,high,
78,quick_confirm,"2 source(s) (nsdi,osm), high confidence — corroborated, ready for a quick manual confirm.",nsdi-19134,,Nuwara Eliya,,,6.9719078960000616,80.78147435300008,high,
79,quick_confirm,"2 source(s) (nsdi,osm), high confidence — corroborated, ready for a quick manual confirm.",nsdi-19180,MASJID UL BADRIYA,Colombo,,,6.975506855000049,79.87943837300008,high,
80,quick_confirm,"2 source(s) (nsdi,osm), high confidence — corroborated, ready for a quick manual confirm.",nsdi-19182,Al Kabeer Grand Mosque,Nuwara Eliya,,,6.976470832000075,80.76543308200007,high,
81,quick_confirm,"2 source(s) (nsdi,osm), high confidence — corroborated, ready for a quick manual confirm.",nsdi-19465,Mobole Jumma Masjid,Gampaha,,,7.005818677000036,79.89745638600004,high,
82,quick_confirm,"2 source(s) (nsdi,dmrca), high confidence — corroborated, ready for a quick manual confirm.",nsdi-19557,MUSLIM MOSQUE,Badulla,"BLACKWOOD ESTATE,",R/1209/BD/46,7.020361014000059,81.16364057300007,high,
83,quick_confirm,"2 source(s) (nsdi,osm), high confidence — corroborated, ready for a quick manual confirm.",nsdi-19785,Masjidhul Noor (Jumma Masjidh);Al Hamidhiyyah Arabic College,Nuwara Eliya,,,7.061630586000035,80.56839614600005,high,
84,quick_confirm,"2 source(s) (nsdi,osm), high confidence — corroborated, ready for a quick manual confirm.",nsdi-19900,,Nuwara Eliya,,,7.079727303000027,80.67212992700007,high,
85,quick_confirm,"2 source(s) (nsdi,osm), high confidence — corroborated, ready for a quick manual confirm.",nsdi-20392,Masjidul Hairath,Kegalle,,,7.172130859000049,80.44313702400007,high,
86,quick_confirm,"2 source(s) (nsdi,osm), high confidence — corroborated, ready for a quick manual confirm.",nsdi-20327,Mawathagoda Jummah Mosque,Kegalle,,,7.16381042200004,80.45949026900007,high,
87,quick_confirm,"2 source(s) (nsdi,osm), high confidence — corroborated, ready for a quick manual confirm.",nsdi-20404,Town Masjid,Kegalle,,,7.174075604000052,80.50020413600004,high,
88,quick_confirm,"2 source(s) (nsdi,osm), high confidence — corroborated, ready for a quick manual confirm.",nsdi-20564,,Ampara,,,7.200855036000064,81.71854422800004,high,
89,quick_confirm,"2 source(s) (nsdi,osm), high confidence — corroborated, ready for a quick manual confirm.",nsdi-20662,,Gampaha,,,7.212840755000059,79.83931980100004,high,
90,quick_confirm,"2 source(s) (nsdi,osm), high confidence — corroborated, ready for a quick manual confirm.",nsdi-20675,Kamachchode Jumma Mosque,Gampaha,,,7.214277800000048,79.83672519900006,high,
91,quick_confirm,"2 source(s) (nsdi,osm), high confidence — corroborated, ready for a quick manual confirm.",nsdi-20705,Negombo Grand Mosque,Gampaha,,,7.21782616400003,79.84999029100004,high,
92,quick_confirm,"2 source(s) (nsdi,osm), high confidence — corroborated, ready for a quick manual confirm.",nsdi-20721,Al Hudha Jummah Masjid,Kandy,,,7.220429568000043,80.58851777900009,high,
93,quick_confirm,"2 source(s) (nsdi,dmrca), high confidence — corroborated, ready for a quick manual confirm.",nsdi-20724,MASJIDUL HAIRATH,Gampaha,"123, ST. LAZARUS ROAD, PERIYAMULLA",R/2038/GM 66,7.219892340000058,79.85277911500003,high,
94,quick_confirm,"2 source(s) (nsdi,osm), high confidence — corroborated, ready for a quick manual confirm.",nsdi-20730,Masjid Fazl,Gampaha,,,7.22013695000004,79.84829516100007,high,
95,quick_confirm,"2 source(s) (nsdi,osm), high confidence — corroborated, ready for a quick manual confirm.",nsdi-20774,Ahlus Sunnah Jumma Mosque,Ampara,,,7.226444101000027,81.85063323700007,high,
96,quick_confirm,"2 source(s) (nsdi,osm), high confidence — corroborated, ready for a quick manual confirm.",nsdi-20812,Markes,Ampara,,,7.230498715000067,81.85056549900008,high,
97,quick_confirm,"2 source(s) (nsdi,dmrca), high confidence — corroborated, ready for a quick manual confirm.",nsdi-20818,DARUSALAM,Kegalle,KOTTABAGODA,R/0173/KD/17,7.232490935000044,80.47892938900003,high,
98,quick_confirm,"2 source(s) (nsdi,osm), high confidence — corroborated, ready for a quick manual confirm.",nsdi-20895,Ameer Ali Puram Mosque,Ampara,,,7.240954420000037,81.71505136100006,high,
99,quick_confirm,"2 source(s) (nsdi,osm), high confidence — corroborated, ready for a quick manual confirm.",nsdi-21058,,Kandy,,,7.26076809500006,80.54034584100003,high,
100,quick_confirm,"2 source(s) (nsdi,osm), high confidence — corroborated, ready for a quick manual confirm.",nsdi-21073,Poruthota Mosque,Gampaha,,,7.261752229000024,79.84238641900004,high,
101,quick_confirm,"2 source(s) (nsdi,dmrca), high confidence — corroborated, ready for a quick manual confirm.",nsdi-21091,MASJIDUL HAKAM MOSQUE,Kegalle,DANAGAMA,R/1362/KD/78,7.264558022000074,80.44241661600006,high,
102,quick_confirm,"2 source(s) (nsdi,osm), high confidence — corroborated, ready for a quick manual confirm.",nsdi-21147,Masjid Ul Thana Al Busairy,Ampara,,,7.2698078200000396,81.85865070800008,high,
103,quick_confirm,"2 source(s) (nsdi,osm), high confidence — corroborated, ready for a quick manual confirm.",nsdi-21206,Masjidul Hidaya,Ampara,,,7.2759355450000385,81.84903878100005,high,
104,quick_confirm,"2 source(s) (nsdi,osm), high confidence — corroborated, ready for a quick manual confirm.",nsdi-21217,,Kandy,,,7.278119357000037,80.63372790000005,high,
105,quick_confirm,"2 source(s) (nsdi,osm), high confidence — corroborated, ready for a quick manual confirm.",nsdi-21219,Masjidul Haima,Ampara,,,7.276981756000055,81.85070472800004,high,
106,quick_confirm,"2 source(s) (nsdi,osm), high confidence — corroborated, ready for a quick manual confirm.",nsdi-21301,,Kandy,,,7.2863904770000545,80.66017181300003,high,
107,quick_confirm,"2 source(s) (nsdi,osm), high confidence — corroborated, ready for a quick manual confirm.",nsdi-21361,Malay Military Mosque,Kandy,,,7.291515722000042,80.63607404900006,high,
108,quick_confirm,"2 source(s) (nsdi,osm), high confidence — corroborated, ready for a quick manual confirm.",nsdi-21364,,Ampara,,,7.290348864000066,81.85936369900008,high,
109,quick_confirm,"2 source(s) (nsdi,osm), high confidence — corroborated, ready for a quick manual confirm.",nsdi-21398,Red Mosque,Kandy,,,7.294699454000067,80.63674118400007,high,
110,quick_confirm,"2 source(s) (nsdi,osm), high confidence — corroborated, ready for a quick manual confirm.",nsdi-21447,Nikakolla Masjid,Kandy,,,7.299123651000059,80.55543257000005,high,
111,quick_confirm,"2 source(s) (nsdi,dmrca), high confidence — corroborated, ready for a quick manual confirm.",nsdi-21474,MASJIDUL HIDAYA JUMMA MOSQUE,Kandy,GOOROOKOYA COLONY,R/1306/K.133,7.3020944490000375,80.63314540800008,high,
112,quick_confirm,"2 source(s) (nsdi,dmrca), high confidence — corroborated, ready for a quick manual confirm.",nsdi-21577,YAHALATENNA JUMMA MOSQUE,Kandy,YAHALATENNA,R/123/K/17,7.314719840000066,80.57147430100008,high,
113,quick_confirm,"2 source(s) (nsdi,osm), high confidence — corroborated, ready for a quick manual confirm.",nsdi-21588,,Kandy,,,7.316135925000026,80.70106236300006,high,
114,quick_confirm,"2 source(s) (nsdi,dmrca), high confidence — corroborated, ready for a quick manual confirm.",nsdi-21627,JAMALIYA MOSUQE,Kandy,DEHIDENIYA MADIGE,R/163/K/21,7.321673820000058,80.45823053300006,high,
115,quick_confirm,"2 source(s) (nsdi,osm), high confidence — corroborated, ready for a quick manual confirm.",nsdi-21637,Katugastota Grand Mosque,Kandy,,,7.32317854300004,80.62478238900007,high,
116,quick_confirm,"2 source(s) (nsdi,osm), high confidence — corroborated, ready for a quick manual confirm.",nsdi-21672,Jamiul Khairath Jumma Masjid,Kandy,,,7.327551499000037,80.66811498900006,high,
117,quick_confirm,"2 source(s) (nsdi,osm), high confidence — corroborated, ready for a quick manual confirm.",nsdi-21831,,Ampara,,,7.348922251000033,81.78236233800004,high,
118,quick_confirm,"2 source(s) (nsdi,dmrca), high confidence — corroborated, ready for a quick manual confirm.",nsdi-21855,MASJIDUL HAQ,Ampara,"SAHIBU ROAD, KALMUNAI KUDI - 06",R/2622/AM/261,7.353236182000046,81.85273661000008,high,
119,quick_confirm,"2 source(s) (nsdi,osm), high confidence — corroborated, ready for a quick manual confirm.",nsdi-21858,,Ampara,,,7.353675383000052,81.84666887200007,high,
120,quick_confirm,"2 source(s) (nsdi,osm), high confidence — corroborated, ready for a quick manual confirm.",nsdi-21907,yalaliya Mosque,Ampara,,,7.359936016000063,81.79485724700004,high,
121,quick_confirm,"2 source(s) (nsdi,osm), high confidence — corroborated, ready for a quick manual confirm.",nsdi-21955,Thakkiya Mosque,Ampara,,,7.367043899000066,81.80551620700004,high,
122,quick_confirm,"2 source(s) (nsdi,osm), high confidence — corroborated, ready for a quick manual confirm.",nsdi-21967,Masjithul Nagar - Mosque,Ampara,,,7.368512360000068,81.80975323000007,high,
123,quick_confirm,"2 source(s) (nsdi,osm), high confidence — corroborated, ready for a quick manual confirm.",nsdi-21980,Anvar Ismail Mosque,Ampara,,,7.369821233000039,81.81225716700004,high,
124,quick_confirm,"2 source(s) (nsdi,osm), high confidence — corroborated, ready for a quick manual confirm.",nsdi-21998,Masjithul Ummah Mosque,Ampara,,,7.371665230000076,81.80627352200008,high,
125,quick_confirm,"2 source(s) (nsdi,osm), high confidence — corroborated, ready for a quick manual confirm.",nsdi-22111,Masjid Saleheen,Ampara,,,7.387834577000035,81.83992968800004,high,
126,quick_confirm,"2 source(s) (nsdi,osm), high confidence — corroborated, ready for a quick manual confirm.",nsdi-22145,Jumma Grand Mosque,Ampara,,,7.393969641000069,81.83418161300006,high,
127,quick_confirm,"2 source(s) (nsdi,osm), high confidence — corroborated, ready for a quick manual confirm.",nsdi-22217,masjidul Hudha Jumma Mosque,Matale,,,7.405084230000057,80.65222880100004,high,
128,quick_confirm,"2 source(s) (nsdi,osm), high confidence — corroborated, ready for a quick manual confirm.",nsdi-22222,Mohideen grand Jumma Mosque,Ampara,,,7.404251965000071,81.83139295900008,high,
129,quick_confirm,"2 source(s) (nsdi,dmrca), high confidence — corroborated, ready for a quick manual confirm.",nsdi-22243,AL MASJIDUR RAHMANIYYA,Kandy,"GODAHENA,",R/2273/K/226,7.408044163000056,80.57410173900007,high,
130,quick_confirm,"2 source(s) (nsdi,dmrca), high confidence — corroborated, ready for a quick manual confirm.",nsdi-22290,AL MASJIDUL RAHMANIYA,Matale,PATTIWELA JUNCTION,R/2258/MT/63,7.414923556000076,80.64344151100005,high,
131,quick_confirm,"2 source(s) (nsdi,dmrca), high confidence — corroborated, ready for a quick manual confirm.",nsdi-22301,AL-MASJIDUL HAMEEDIE,Kandy,"KATTAPPU, GALHINNA",R/1924/K.184,7.415821643000072,80.56272523500007,high,
132,quick_confirm,"2 source(s) (nsdi,osm), high confidence — corroborated, ready for a quick manual confirm.",nsdi-22309,Jamiuth Thowheed Jummah Mosque,Kurunegala,,,7.416417467000031,80.47573630300008,high,
133,quick_confirm,"2 source(s) (nsdi,dmrca), high confidence — corroborated, ready for a quick manual confirm.",nsdi-22315,MANABODA JUMMA MOSQUE,Matale,MANABODA,R/420/MT 18,7.416782244000046,80.63819902700004,high,
134,quick_confirm,"2 source(s) (nsdi,osm), high confidence — corroborated, ready for a quick manual confirm.",nsdi-22458,Masjid Ul Kabeer,Ampara,,,7.43316552400006,81.81474829600006,high,
135,quick_confirm,"2 source(s) (nsdi,dmrca), high confidence — corroborated, ready for a quick manual confirm.",nsdi-22506,ABRAAR JUMMAH MASJID,Matale,"MOSQUE ROAD, WARAKANDA, WARAKAMURA",R/2248/MT/61,7.441447134000043,80.62593296000006,high,
136,quick_confirm,"2 source(s) (nsdi,dmrca), high confidence — corroborated, ready for a quick manual confirm.",nsdi-22535,TOWN MASJITH,Kurunegala,SELLAMWATTE,R/2262/KU/192,7.444690922000063,80.21562526500009,high,
137,quick_confirm,"2 source(s) (nsdi,osm), high confidence — corroborated, ready for a quick manual confirm.",nsdi-22738,THELIYAGONNA JUMMA MOSQUE,Kurunegala,,,7.475961367000025,80.38161199500007,high,
138,quick_confirm,"2 source(s) (nsdi,osm), high confidence — corroborated, ready for a quick manual confirm.",nsdi-22682,Gongawela Jumma Masjid,Matale,,,7.467966650000051,80.62424368400008,high,
139,quick_confirm,"2 source(s) (nsdi,osm), high confidence — corroborated, ready for a quick manual confirm.",nsdi-22714,,Matale,,,7.472756046000029,80.62392402400008,high,
140,quick_confirm,"2 source(s) (nsdi,osm), high confidence — corroborated, ready for a quick manual confirm.",nsdi-22736,,Matale,,,7.47588475200007,80.62249090300008,high,
141,quick_confirm,"2 source(s) (nsdi,osm), high confidence — corroborated, ready for a quick manual confirm.",nsdi-22776,Jamin Al Hariya Jumma Masjid - Madampe,Puttalam,,,7.48034216800005,79.82824073000006,high,
142,quick_confirm,"2 source(s) (nsdi,osm), high confidence — corroborated, ready for a quick manual confirm.",nsdi-22831,,Kurunegala,,,7.4896607300000255,80.36343215700003,high,
143,quick_confirm,"2 source(s) (nsdi,dmrca), high confidence — corroborated, ready for a quick manual confirm.",nsdi-22882,DAMPITIYA THAKKIYA,Kurunegala,"DAMPITIYA, GALAGEWATTE",R/850/KU.92,7.499625723000065,80.16835417400006,high,
144,quick_confirm,"2 source(s) (nsdi,osm), high confidence — corroborated, ready for a quick manual confirm.",nsdi-23847,,Matale,,,7.709190142000068,80.65334720300007,high,
145,quick_confirm,"2 source(s) (nsdi,osm), high confidence — corroborated, ready for a quick manual confirm.",nsdi-23606,Masjid Al Minan,Batticaloa,,,7.656338959000038,81.72640580600006,high,
146,quick_confirm,"2 source(s) (nsdi,osm), high confidence — corroborated, ready for a quick manual confirm.",nsdi-23609,Masjid ar Rasool,Batticaloa,,,7.656965423000031,81.73002504300007,high,
147,quick_confirm,"2 source(s) (nsdi,osm), high confidence — corroborated, ready for a quick manual confirm.",nsdi-23631,Mohideen Jummah Mosque,Batticaloa,,,7.662563319000071,81.72676659600006,high,
148,quick_confirm,"2 source(s) (nsdi,osm), high confidence — corroborated, ready for a quick manual confirm.",nsdi-23716,Meera Meththai Grand Mosque,Batticaloa,,,7.681101392000073,81.72611971800006,high,
149,quick_confirm,"2 source(s) (nsdi,osm), high confidence — corroborated, ready for a quick manual confirm.",nsdi-23733,,Batticaloa,,,7.68301604100003,81.73404688600004,high,
150,quick_confirm,"2 source(s) (nsdi,osm), high confidence — corroborated, ready for a quick manual confirm.",nsdi-24023,,Puttalam,,,7.746109056000023,79.79019578100008,high,
151,quick_confirm,"2 source(s) (nsdi,osm), high confidence — corroborated, ready for a quick manual confirm.",nsdi-24027,,Puttalam,,,7.747240886000043,79.97726138400003,high,
152,quick_confirm,"2 source(s) (nsdi,dmrca), high confidence — corroborated, ready for a quick manual confirm.",nsdi-24104,AL MASJIDUL FALAH JUMMA MOSQUE,Matale,"NALLIYAKANATHTHA, AMBANA",R/1327/MT 39,7.7646735500000545,80.58167786200005,high,
153,quick_confirm,"2 source(s) (nsdi,osm), high confidence — corroborated, ready for a quick manual confirm.",nsdi-24492,Meera Jumma Mosque,Batticaloa,,,7.903094696000039,81.51973558600008,high,
154,quick_confirm,"2 source(s) (nsdi,osm), high confidence — corroborated, ready for a quick manual confirm.",nsdi-24508,Mohideen Jummah Mosque,Puttalam,,,7.907314283000062,79.82228787100007,high,
155,quick_confirm,"2 source(s) (nsdi,osm), high confidence — corroborated, ready for a quick manual confirm.",nsdi-24514,Abrar Masjid,Batticaloa,,,7.910001123000029,81.52534870300008,high,
156,quick_confirm,"2 source(s) (nsdi,osm), high confidence — corroborated, ready for a quick manual confirm.",nsdi-24526,Oddamavadi Mohideen Jumma Masjid,Batticaloa,,,7.912989585000048,81.52062946100006,high,
157,quick_confirm,"2 source(s) (nsdi,osm), high confidence — corroborated, ready for a quick manual confirm.",nsdi-24532,Huda Jumma Masjid,Batticaloa,,,7.915080115000023,81.52597023300007,high,
158,quick_confirm,"2 source(s) (nsdi,osm), high confidence — corroborated, ready for a quick manual confirm.",nsdi-24533,Bazar Masjid,Batticaloa,,,7.915820083000028,81.52019274300005,high,
159,quick_confirm,"2 source(s) (nsdi,osm), high confidence — corroborated, ready for a quick manual confirm.",nsdi-24561,Masjidul Hairath,Batticaloa,,,7.923005386000057,81.52410274600004,high,
160,quick_confirm,"2 source(s) (nsdi,osm), high confidence — corroborated, ready for a quick manual confirm.",nsdi-24645,,Puttalam,,,7.96226206800003,79.83084827100004,high,
161,quick_confirm,"2 source(s) (nsdi,osm), high confidence — corroborated, ready for a quick manual confirm.",nsdi-24686,,Puttalam,,,7.97804786100005,79.83280408100006,high,
162,quick_confirm,"2 source(s) (nsdi,osm), high confidence — corroborated, ready for a quick manual confirm.",nsdi-24782,Kalawewa Jumma Grand Masjid,Anuradhapura,,,8.021484688000044,80.52755750600005,high,
163,quick_confirm,"2 source(s) (nsdi,dmrca), high confidence — corroborated, ready for a quick manual confirm.",nsdi-24824,KEKIRAWA JUMMA MOSQUE,Anuradhapura,KEKIRAWA,R/0205/A/04,8.036800037000035,80.59897791000003,high,
164,quick_confirm,"2 source(s) (nsdi,osm), high confidence — corroborated, ready for a quick manual confirm.",nsdi-24861,Paariyappa Mosque,Puttalam,,,8.046897802000046,79.82916220700008,high,
165,quick_confirm,"2 source(s) (nsdi,dmrca), high confidence — corroborated, ready for a quick manual confirm.",nsdi-24992,PANGURANA MOSQUE,Polonnaruwa,SUNGAWILA,R/863/PL.13,8.112595512000041,81.09038546900007,high,
166,quick_confirm,"2 source(s) (nsdi,dmrca), high confidence — corroborated, ready for a quick manual confirm.",nsdi-25164,MASJIDUL MANNAR,Puttalam,"AL MINAR PURAM, SCHOOL ROAD",R/1912/P 174,8.190446094000038,79.71609536900007,high,
167,quick_confirm,"2 source(s) (nsdi,osm), high confidence — corroborated, ready for a quick manual confirm.",nsdi-25606,,Trincomalee,,,8.439469871000028,81.26079275000006,high,
168,quick_confirm,"2 source(s) (nsdi,osm), high confidence — corroborated, ready for a quick manual confirm.",nsdi-25626,Thakkiya,Trincomalee,,,8.449908626000024,81.07518634500008,high,
169,quick_confirm,"2 source(s) (nsdi,dmrca), high confidence — corroborated, ready for a quick manual confirm.",nsdi-25669,AL MASJIDUL BAITHUL HAMDU,Trincomalee,SIRAJ NAGAR,R/1913/T/171,8.467303095000034,81.07474925800005,high,
170,quick_confirm,"2 source(s) (nsdi,osm), high confidence — corroborated, ready for a quick manual confirm.",nsdi-25728,,Trincomalee,,,8.500718301000063,81.19149838700008,high,
171,quick_confirm,"2 source(s) (nsdi,dmrca), high confidence — corroborated, ready for a quick manual confirm.",nsdi-25744,RAHMANIYA GRAND JUMMA MOSQUE,Trincomalee,SINNA KINNIYA,R/0556/T/013,8.505903861000036,81.18673816600005,high,
172,quick_confirm,"2 source(s) (nsdi,dmrca), high confidence — corroborated, ready for a quick manual confirm.",nsdi-25763,MASJIDUL MUNAWWARA JUMMA MOSQUE,Trincomalee,"MAKKULUTHU,",R/0655/T/023,8.520996905000061,81.18652065700007,high,
173,quick_confirm,"2 source(s) (nsdi,dmrca), high confidence — corroborated, ready for a quick manual confirm.",nsdi-25813,PERIYAKADAI JUMMA MOSQUE,Trincomalee,"22, COURT ROAD",R/208/T/005,8.56210807900004,81.23959819100008,high,
174,quick_confirm,"2 source(s) (nsdi,osm), high confidence — corroborated, ready for a quick manual confirm.",nsdi-25868,,Trincomalee,,,8.588362675000042,81.20371684300005,high,
175,quick_confirm,"2 source(s) (nsdi,osm), high confidence — corroborated, ready for a quick manual confirm.",nsdi-25897,Masjithuth Thakva,Vavuniya,,,8.61372536600004,80.32854647300007,high,
176,quick_confirm,"2 source(s) (nsdi,osm), high confidence — corroborated, ready for a quick manual confirm.",nsdi-25986,,Vavuniya,,,8.708940103000032,80.43374030000007,high,
177,quick_confirm,"2 source(s) (nsdi,osm), high confidence — corroborated, ready for a quick manual confirm.",nsdi-25992,,Vavuniya,,,8.718708437000032,80.43865123100005,high,
178,quick_confirm,"2 source(s) (nsdi,dmrca), high confidence — corroborated, ready for a quick manual confirm.",nsdi-26011,MASJIDUL HUDA JUMMA MOSQUE,Vavuniya,"MOOR'S SALAMBAIKULAM EAST, POOVARASANKULAM",R/1565/V/22,8.732198486000073,80.26001138100008,high,
179,quick_confirm,"2 source(s) (nsdi,osm), high confidence — corroborated, ready for a quick manual confirm.",nsdi-26064,,Vavuniya,,,8.752133236000077,80.43396254200007,high,
180,quick_confirm,"2 source(s) (nsdi,osm), high confidence — corroborated, ready for a quick manual confirm.",nsdi-26077,Jummah Grand Mosque,Vavuniya,,,8.756133699000031,80.50096455100004,high,
181,quick_confirm,"2 source(s) (nsdi,osm), high confidence — corroborated, ready for a quick manual confirm.",nsdi-26231,RASOOL PUTHUVELI MASJID,Mannar,,,8.843807642000058,79.99910589000007,high,
182,quick_confirm,"2 source(s) (nsdi,osm), high confidence — corroborated, ready for a quick manual confirm.",nsdi-26348,,Mannar,,,8.972107436000044,80.15078948800004,high,
183,quick_confirm,"2 source(s) (nsdi,osm), high confidence — corroborated, ready for a quick manual confirm.",nsdi-26359,Uppukulam Jummah Mosque,Mannar,,,8.978954742000042,79.91596946300007,high,
184,quick_confirm,"2 source(s) (nsdi,dmrca), high confidence — corroborated, ready for a quick manual confirm.",nsdi-26993,MANKUMPAN MOSQUE,Jaffna,VELANAI,R/0567/J/12,9.633517361000031,79.92243272100006,high,
185,quick_confirm,"2 source(s) (nsdi,osm), high confidence — corroborated, ready for a quick manual confirm.",nsdi-27163,Jummah Mosque,Jaffna,,,9.668505828000036,80.01022026100003,high,
186,quick_confirm,"2 source(s) (nsdi,osm), high confidence — corroborated, ready for a quick manual confirm.",nsdi-27231,Jaffna Grand Mosque,Jaffna,,,9.67607478800005,80.00586066700004,high,
187,quick_confirm,"2 source(s) (nsdi,dmrca), high confidence — corroborated, ready for a quick manual confirm.",nsdi-28313,MUHIYADEEN THAKKIYA,Gampaha,"300, DIPPITIGODA ROAD, HUNUPITIYA",R/2241/GM/82,7.0976820440000665,80.11205571200009,high,
188,quick_confirm,"2 source(s) (nsdi,osm), high confidence — corroborated, ready for a quick manual confirm.",nsdi-28360,yatiyantota town mosque,Kegalle,,,7.028962251000053,80.29543332400004,high,
189,conflict_to_resolve,"2 source(s) (nsdi,dmrca), medium confidence — has an unresolved candidate to adjudicate.",nsdi-16804,ROWLATHUL ATHKIYA THAKKIYA,Kalutara,TOTAWATTE,R/321/KL.24,6.742747517000055,79.91274952800006,medium,"An ambiguous OSM candidate exists (way/1183732924, name='Asjidul Ibraheem Zaviya', 272.4m away) — Nearest OSM mosque is 272m away, but its name ('Asjidul Ibraheem Zaviya') doesn't resemble the NSDI name ('Rawathul Athkiya Jumma Masjid') — possible name conflict / two distinct nearby mosques. Not linked, needs manual review."
190,conflict_to_resolve,"2 source(s) (nsdi,osm), medium confidence — has an unresolved candidate to adjudicate.",nsdi-17928,Meera Masjid,Ampara,,,6.875364128000058,81.83483719300006,medium,"A low-confidence DMRCA candidate exists (registrationNo=R/1044/AM/50, name='MEERA SAHIB ANDAVAR THAKKIYA', score=100.0) — not linked, needs manual review."
191,conflict_to_resolve,"2 source(s) (nsdi,dmrca), medium confidence — has an unresolved candidate to adjudicate.",nsdi-19693,AMBATALELLA MUSLIM THAKKIYA,Kandy,PETHIYAGODA,R/348/K.108,7.044485362000046,80.52798458900008,medium,"An ambiguous OSM candidate exists (way/1104012454, name='Selam Bridge Jumma Masjid', 13.4m away) — Nearest OSM mosque is 13m away, but its name ('Selam Bridge Jumma Masjid') doesn't resemble the NSDI name ('Jumma Muslim Mosque') — possible name conflict / two distinct nearby mosques. Not linked, needs manual review."
192,conflict_to_resolve,"2 source(s) (nsdi,dmrca), medium confidence — has an unresolved candidate to adjudicate.",nsdi-22267,MARUKONE THAKKIYA,Matale,"WATHEGAMA ROAD, MARUKONE",R/1364/MT 42,7.412012569000069,80.64389141500004,medium,"An ambiguous OSM candidate exists (way/1167295611, name='Masjidul Noor Jummah Mosque', 13.6m away) — Nearest OSM mosque is 14m away, but its name ('Masjidul Noor Jummah Mosque') doesn't resemble the NSDI name ('Marukona Jumma Mosque') — possible name conflict / two distinct nearby mosques. Not linked, needs manual review."
193,conflict_to_resolve,"2 source(s) (nsdi,osm), medium confidence — has an unresolved candidate to adjudicate.",nsdi-25605,Buhari Jumma Mosque,Trincomalee,,,8.439485886000057,81.05086295100006,medium,"A low-confidence DMRCA candidate exists (registrationNo=R/0954/T/054, name='BUHARY MOSQUE', score=83.3) — not linked, needs manual review."
194,conflict_to_resolve,"2 source(s) (nsdi,osm), medium confidence — has an unresolved candidate to adjudicate.",nsdi-25999,Mahaideen Jummah Mosque,Vavuniya,,,8.72480672000006,80.43109505300004,medium,"A low-confidence DMRCA candidate exists (registrationNo=R/1373/V/24, name='MOHIDEEN JUMMA MOSQUE', score=82.4) — not linked, needs manual review."
195,quick_confirm,"2 source(s) (nsdi,osm), medium confidence — corroborated, ready for a quick manual confirm.",nsdi-14333,Zaviya Shazuliyyah,Galle,,,6.024909778000051,80.21847024100003,medium,
196,quick_confirm,"2 source(s) (nsdi,osm), medium confidence — corroborated, ready for a quick manual confirm.",nsdi-14383,,Galle,,,6.037038695000035,80.21978204900006,medium,
197,quick_confirm,"2 source(s) (nsdi,osm), medium confidence — corroborated, ready for a quick manual confirm.",nsdi-14420,Nabaviyya Taikka,Galle,,,6.0434239640000555,80.22467387400008,medium,
198,quick_confirm,"2 source(s) (nsdi,dmrca), medium confidence — corroborated, ready for a quick manual confirm.",nsdi-15638,MASJIDUR RAHUMAN,Kalutara,"182, ADIKARIGODA",R/642/KL.36,6.462115178000033,79.98327907100008,medium,
199,quick_confirm,"2 source(s) (nsdi,osm), medium confidence — corroborated, ready for a quick manual confirm.",nsdi-15642,Masjid ul Abrar,Kalutara,,,6.463226209000027,79.97598855100006,medium,
200,quick_confirm,"2 source(s) (nsdi,osm), medium confidence — corroborated, ready for a quick manual confirm.",nsdi-15712,Riyalus Saliheen Jummah Masjid,Kalutara,,,6.4793049060000385,79.98598372200007,medium,
201,quick_confirm,"2 source(s) (nsdi,dmrca), medium confidence — corroborated, ready for a quick manual confirm.",nsdi-15897,MADRASATHUL RAHUMANIYA THAKKIYA,Ratnapura,KETANDOLA,R/1331/R.23,6.540113031000033,80.58932652900006,medium,
202,quick_confirm,"2 source(s) (nsdi,dmrca), medium confidence — corroborated, ready for a quick manual confirm.",nsdi-15992,MAHAHEENATIYANGALA MOSQUE,Kalutara,MAHAHEENATIYANGALA,R/1002/KL53,6.569265445000042,79.97315357500008,medium,
203,quick_confirm,"2 source(s) (nsdi,dmrca), medium confidence — corroborated, ready for a quick manual confirm.",nsdi-16528,ATULUGAMUWA GRAND JUMMA MOSQUE,Kalutara,ATULUGAMA,R/912/KL.46,6.695854913000062,79.99714122200004,medium,
204,quick_confirm,"2 source(s) (nsdi,osm), medium confidence — corroborated, ready for a quick manual confirm.",nsdi-16852,Naleemiya Jumma Masjid,Kalutara,,,6.75284361000007,79.90527621900003,medium,
205,quick_confirm,"2 source(s) (nsdi,osm), medium confidence — corroborated, ready for a quick manual confirm.",nsdi-17455,,Nuwara Eliya,,,6.831104651000032,80.57232535400004,medium,
206,quick_confirm,"2 source(s) (nsdi,dmrca), medium confidence — corroborated, ready for a quick manual confirm.",nsdi-17734,BOGAHAKUMBURA JUMMA MOSQUE,Badulla,BOGAHAKUMBURA,R/139/BD/33,6.860558956000034,80.87506705400006,medium,
207,quick_confirm,"2 source(s) (nsdi,osm), medium confidence — corroborated, ready for a quick manual confirm.",nsdi-17784,Dehiwala Jumma Masjid,Colombo,,,6.864141719000031,79.86590354700007,medium,
208,quick_confirm,"2 source(s) (nsdi,osm), medium confidence — corroborated, ready for a quick manual confirm.",nsdi-17883,Town Mosque,Ampara,,,6.87146537600006,81.83129304300007,medium,
209,quick_confirm,"2 source(s) (nsdi,osm), medium confidence — corroborated, ready for a quick manual confirm.",nsdi-17946,,Ampara,,,6.876517403000037,81.83151248600007,medium,
210,quick_confirm,"2 source(s) (nsdi,dmrca), medium confidence — corroborated, ready for a quick manual confirm.",nsdi-18577,KALANDAR SAHIB JUMMA MOSQUE,Colombo,"191/26, ZAHIR CASSIM HAJIAR PLACE, 1ST DIVISION, MARADANA",R/336/C.38,6.930925007000042,79.86261716500007,medium,
211,quick_confirm,"2 source(s) (nsdi,dmrca), medium confidence — corroborated, ready for a quick manual confirm.",nsdi-18691,MEMON HANAFI MOSQUE,Colombo,"45, 3RD CROSS STREET",R/142/C.26,6.937029720000055,79.85274445900006,medium,
212,quick_confirm,"2 source(s) (nsdi,osm), medium confidence — corroborated, ready for a quick manual confirm.",nsdi-18744,Grand Mosque,Colombo,,,6.940428080000061,79.85895006400006,medium,
213,quick_confirm,"2 source(s) (nsdi,osm), medium confidence — corroborated, ready for a quick manual confirm.",nsdi-19761,Masjidhul Hijra,Nuwara Eliya,,,7.0576090330000625,80.56729708400007,medium,
214,quick_confirm,"2 source(s) (nsdi,osm), medium confidence — corroborated, ready for a quick manual confirm.",nsdi-20381,Jummah Masjid,Kandy,,,7.1705238690000215,80.57228320000007,medium,
215,quick_confirm,"2 source(s) (nsdi,osm), medium confidence — corroborated, ready for a quick manual confirm.",nsdi-20389,Kahapitiya Jummah Masjid,Kandy,,,7.1718203020000715,80.57600763900007,medium,
216,quick_confirm,"2 source(s) (nsdi,osm), medium confidence — corroborated, ready for a quick manual confirm.",nsdi-20408,Wilpola Jummah Mosque,Kegalle,,,7.174660759000062,80.45118458400003,medium,
217,quick_confirm,"2 source(s) (nsdi,osm), medium confidence — corroborated, ready for a quick manual confirm.",nsdi-20439,Hemmathagama Grand Mosque,Kegalle,,,7.180559369000036,80.50076268600003,medium,
218,quick_confirm,"2 source(s) (nsdi,osm), medium confidence — corroborated, ready for a quick manual confirm.",nsdi-20716,,Kandy,,,7.219476616000065,80.56920523900004,medium,
219,quick_confirm,"2 source(s) (nsdi,osm), medium confidence — corroborated, ready for a quick manual confirm.",nsdi-20959,,Ampara,,,7.248999599000058,81.85525037000008,medium,
220,quick_confirm,"2 source(s) (nsdi,osm), medium confidence — corroborated, ready for a quick manual confirm.",nsdi-21495,Jamiul Khairath Jummah Masjid Mahaiyawa,Kandy,,,7.304615497000043,80.63449620800003,medium,
221,quick_confirm,"2 source(s) (nsdi,osm), medium confidence — corroborated, ready for a quick manual confirm.",nsdi-21582,Udispattuwa Jumma Mosque,Kandy,,,7.315624661000072,80.78584095400004,medium,
222,quick_confirm,"2 source(s) (nsdi,osm), medium confidence — corroborated, ready for a quick manual confirm.",nsdi-21973,,Kandy,,,7.37004599200003,80.61557875200003,medium,
223,quick_confirm,"2 source(s) (nsdi,osm), medium confidence — corroborated, ready for a quick manual confirm.",nsdi-22000,Grand Mosque,Ampara,,,7.371941273000061,81.80280072100004,medium,
224,quick_confirm,"2 source(s) (nsdi,osm), medium confidence — corroborated, ready for a quick manual confirm.",nsdi-22126,al aqsha,Ampara,,,7.390707171000031,81.84484858300004,medium,
225,quick_confirm,"2 source(s) (nsdi,osm), medium confidence — corroborated, ready for a quick manual confirm.",nsdi-22136,masjid safa,Ampara,,,7.391981565000037,81.83629978400006,medium,
226,quick_confirm,"2 source(s) (nsdi,osm), medium confidence — corroborated, ready for a quick manual confirm.",nsdi-22285,Natpitimunai Grand Mosque,Ampara,,,7.413037576000022,81.80985281800008,medium,
227,quick_confirm,"2 source(s) (nsdi,osm), medium confidence — corroborated, ready for a quick manual confirm.",nsdi-22300,,Ampara,,,7.414625337000075,81.82568675300007,medium,
228,quick_confirm,"2 source(s) (nsdi,osm), medium confidence — corroborated, ready for a quick manual confirm.",nsdi-22325,Salam Mosque,Ampara,,,7.417066988000045,81.81159991000004,medium,
229,quick_confirm,"2 source(s) (nsdi,osm), medium confidence — corroborated, ready for a quick manual confirm.",nsdi-22344,Ukuwela Town Masjidh,Matale,,,7.421335628000065,80.63523596400006,medium,
230,quick_confirm,"2 source(s) (nsdi,osm), medium confidence — corroborated, ready for a quick manual confirm.",nsdi-22410,Narammala Mosque,Kurunegala,,,7.428213019000054,80.21403949500007,medium,
231,quick_confirm,"2 source(s) (nsdi,dmrca), medium confidence — corroborated, ready for a quick manual confirm.",nsdi-22544,JEMALIYA JUMMA MOSQUE,Kurunegala,NAPE,R/003/KU 01,7.447472056000038,80.42790149900003,medium,
232,quick_confirm,"2 source(s) (nsdi,osm), medium confidence — corroborated, ready for a quick manual confirm.",nsdi-22696,Raheemiya Jumma Masjid,Matale,,,7.4705227330000525,80.62714287900008,medium,
233,quick_confirm,"2 source(s) (nsdi,osm), medium confidence — corroborated, ready for a quick manual confirm.",nsdi-22834,Malay Jumma Mosque,Kurunegala,,,7.49033810100002,80.36467097300005,medium,
234,quick_confirm,"2 source(s) (nsdi,osm), medium confidence — corroborated, ready for a quick manual confirm.",nsdi-23699,Kuba Jummah Masjith,Batticaloa,,,7.677227217000052,81.72434044800008,medium,
235,quick_confirm,"2 source(s) (nsdi,osm), medium confidence — corroborated, ready for a quick manual confirm.",nsdi-23724,Central College Mosque,Batticaloa,,,7.68209408000007,81.73816702900007,medium,
236,quick_confirm,"2 source(s) (nsdi,osm), medium confidence — corroborated, ready for a quick manual confirm.",nsdi-23767,Mohideen Thaika Mosque,Batticaloa,,,7.690516445000071,81.72556248600006,medium,
237,quick_confirm,"2 source(s) (nsdi,osm), medium confidence — corroborated, ready for a quick manual confirm.",nsdi-24135,JAMIUL AKBAR JUMMA MOSQUE,Batticaloa,,,7.775200808000022,81.60506133500007,medium,
238,quick_confirm,"2 source(s) (nsdi,osm), medium confidence — corroborated, ready for a quick manual confirm.",nsdi-24653,,Kurunegala,,,7.964939977000029,80.32690921900007,medium,
239,quick_confirm,"2 source(s) (nsdi,osm), medium confidence — corroborated, ready for a quick manual confirm.",nsdi-24752,Muhaiyadeen Jumma Masjid,Puttalam,,,8.006091575000028,79.83765517000006,medium,
240,quick_confirm,"2 source(s) (nsdi,osm), medium confidence — corroborated, ready for a quick manual confirm.",nsdi-24810,Mohideen Jumma Masjid,Puttalam,,,8.032372165000027,79.82848193000007,medium,
241,quick_confirm,"2 source(s) (nsdi,osm), medium confidence — corroborated, ready for a quick manual confirm.",nsdi-25254,,Puttalam,,,8.238411902000053,79.76544594200004,medium,
242,quick_confirm,"2 source(s) (nsdi,osm), medium confidence — corroborated, ready for a quick manual confirm.",nsdi-25317,,Anuradhapura,,,8.271751453000036,80.70988135300007,medium,
243,quick_confirm,"2 source(s) (nsdi,dmrca), medium confidence — corroborated, ready for a quick manual confirm.",nsdi-25596,MUHAIDEEN JUMMA MOSQUE,Trincomalee,95TH MILE POST,R/1902T/170,8.432632014000035,81.04879920100007,medium,
244,quick_confirm,"2 source(s) (nsdi,osm), medium confidence — corroborated, ready for a quick manual confirm.",nsdi-25745,Grand Mosque,Trincomalee,,,8.506199172000038,81.18183174600006,medium,
245,quick_confirm,"2 source(s) (nsdi,dmrca), medium confidence — corroborated, ready for a quick manual confirm.",nsdi-25760,MASJIDUL QUBAH,Trincomalee,"HIJRA NAGAR, WELLAIMANAL",R/1648/T/142,8.51805403700007,81.18997459200006,medium,
246,quick_confirm,"2 source(s) (nsdi,dmrca), medium confidence — corroborated, ready for a quick manual confirm.",nsdi-25768,AL MADRASTHUL SAHRIYA THAKKIYA,Trincomalee,CHINA BAY,R/1222/T/085,8.528026389000047,81.18808814600004,medium,
247,quick_confirm,"2 source(s) (nsdi,osm), medium confidence — corroborated, ready for a quick manual confirm.",nsdi-25874,,Trincomalee,,,8.59138058600007,81.22475983100009,medium,
248,quick_confirm,"2 source(s) (nsdi,osm), medium confidence — corroborated, ready for a quick manual confirm.",nsdi-26000,,Trincomalee,,,8.725910249000037,81.17323048600008,medium,
249,quick_confirm,"2 source(s) (nsdi,osm), medium confidence — corroborated, ready for a quick manual confirm.",nsdi-26105,Pattanichoor Jumma Mosque,Vavuniya,,,8.764523950000068,80.48218773500008,medium,
250,quick_confirm,"2 source(s) (nsdi,osm), medium confidence — corroborated, ready for a quick manual confirm.",nsdi-26118,Majithul Jamiya Jamal Mosque,Vavuniya,,,8.772131910000041,80.51567034100003,medium,
251,quick_confirm,"2 source(s) (nsdi,osm), medium confidence — corroborated, ready for a quick manual confirm.",nsdi-26997,Mankumban Darga,Jaffna,,,9.634099363000075,79.92655039700009,medium,
252,quick_confirm,"2 source(s) (nsdi,osm), medium confidence — corroborated, ready for a quick manual confirm.",nsdi-27259,Abubakkar Jumma Masjid,Jaffna,,,9.680343572000027,80.00478689000005,medium,
253,quick_confirm,"2 source(s) (nsdi,osm), medium confidence — corroborated, ready for a quick manual confirm.",nsdi-28337,"Al Masjidus Sook, Kal-Eliya",Gampaha,,,7.195629913000062,80.11196382700007,medium,
254,quick_confirm,"2 source(s) (nsdi,dmrca), medium confidence — corroborated, ready for a quick manual confirm.",nsdi-28423,AL - MASJIDUL RAWLA JUMMA MOSQUE,Gampaha,"MOSQUE ROAD, KALAGEDIHENA",R/34/GM.02,7.118001681000067,80.07779700300006,medium,
255,conflict_to_resolve,"1 source(s) (nsdi), low confidence — has an unresolved candidate to adjudicate.",nsdi-14054,Mohadeen Jumma Mosque,Matara,,,5.946284457000047,80.55238879200004,low,"A low-confidence DMRCA candidate exists (registrationNo=R/0404/MR/15, name='MOHIDEEN JUMMA MOSQUE', score=87.5) — not linked, needs manual review."
256,conflict_to_resolve,"1 source(s) (nsdi), low confidence — has an unresolved candidate to adjudicate.",nsdi-14061,Sindar Shake Madar Mosque,Matara,,,5.947822441000028,80.54239378600005,low,"An ambiguous OSM candidate exists (way/497169972, name='Meerah Jumma Masjid', 148.0m away) — Nearest OSM mosque is 148m away, but its name ('Meerah Jumma Masjid') doesn't resemble the NSDI name ('Sindar Shake Madar Mosque') — possible name conflict / two distinct nearby mosques. Not linked, needs manual review."
257,conflict_to_resolve,"1 source(s) (nsdi), low confidence — has an unresolved candidate to adjudicate.",nsdi-14149,Mohideen Jumma Musdeen Mosque,Matara,,,5.971547075000046,80.69638432500005,low,"A low-confidence DMRCA candidate exists (registrationNo=R/0275/MR/06, name='MOHIDEEN JUMMA MOSQUE', score=100.0) — not linked, needs manual review."
258,conflict_to_resolve,"1 source(s) (nsdi), low confidence — has an unresolved candidate to adjudicate.",nsdi-14212,Hasan Hsseiyan Mosque,Matara,,,5.989142697000034,80.44371525400004,low,"A low-confidence DMRCA candidate exists (registrationNo=R/0488/MR/18, name='HASSAN HUSSAIN MOSQUE', score=78.6) — not linked, needs manual review."
259,conflict_to_resolve,"1 source(s) (nsdi), low confidence — has an unresolved candidate to adjudicate.",nsdi-15140,Jumma Musjid,Galle,,,6.282708702000036,80.04040326100005,low,"An ambiguous OSM candidate exists (way/287079524, name='Balapitiya Mosque', 36.4m away) — Nearest OSM mosque is 36m away, but its name ('Balapitiya Mosque') doesn't resemble the NSDI name ('Jumma Musjid') — possible name conflict / two distinct nearby mosques. Not linked, needs manual review."
260,conflict_to_resolve,"1 source(s) (nsdi), low confidence — has an unresolved candidate to adjudicate.",nsdi-15977,Al Masjidul Fasiyathush Shazuliyah,Kalutara,,,6.563233036000042,79.96880248300005,low,"A low-confidence DMRCA candidate exists (registrationNo=R/832/KL.43, name='ZAVIATHUL FASIYATHUL SHATHULIYA', score=83.7) — not linked, needs manual review."
261,conflict_to_resolve,"1 source(s) (nsdi), low confidence — has an unresolved candidate to adjudicate.",nsdi-15996,Bamahrath Mujahdhamiya Mosque,Kalutara,,,6.570174941000062,79.96724606300006,low,"An ambiguous OSM candidate exists (way/1035496154, name='Nakshabandiya masjid', 28.5m away) — Nearest OSM mosque is 29m away, but its name ('Nakshabandiya masjid') doesn't resemble the NSDI name ('Bamahrath Mujahdhamiya Mosque') — possible name conflict / two distinct nearby mosques. Not linked, needs manual review."
262,conflict_to_resolve,"1 source(s) (nsdi), low confidence — has an unresolved candidate to adjudicate.",nsdi-15997,Muhiyadeen Jumma Masjid,Kalutara,,,6.570365688000038,79.96513764400004,low,"A low-confidence DMRCA candidate exists (registrationNo=R/1219/KL.64, name='MOHIDEEN JUMMA MOSQUE', score=77.8) — not linked, needs manual review.; An ambiguous OSM candidate exists (node/1822758906, name='Kalutara Mosque', 10.9m away) — Nearest OSM mosque is 11m away, but its name ('Kalutara Mosque') doesn't resemble the NSDI name ('Muhiyadeen Jumma Masjid') — possible name conflict / two distinct nearby mosques. Not linked, needs manual review."
263,conflict_to_resolve,"1 source(s) (nsdi), low confidence — has an unresolved candidate to adjudicate.",nsdi-16003,Alaviyathul Qadiriya Thakkiya,Kalutara,,,6.571760709000046,79.96967265300003,low,"A low-confidence DMRCA candidate exists (registrationNo=R/468/KL.29, name='KADIRIYA THAKKIYA ALIAS ALAVIA THAKKIYA', score=73.2) — not linked, needs manual review."
264,conflict_to_resolve,"1 source(s) (nsdi), low confidence — has an unresolved candidate to adjudicate.",nsdi-16160,Mohideen Jumma Mosque,Ratnapura,,,6.60908108600006,80.62746846900006,low,"A low-confidence DMRCA candidate exists (registrationNo=R/01/R/01, name='DAFTER ZAILANI MOHIDEEN MOSQUE', score=100.0) — not linked, needs manual review."
265,conflict_to_resolve,"1 source(s) (nsdi), low confidence — has an unresolved candidate to adjudicate.",nsdi-16366,Masjidul Noor Mosque,Ratnapura,,,6.6580956440000705,80.69934878400005,low,"A low-confidence DMRCA candidate exists (registrationNo=R/370/R.11, name='MASJIDUN NOOR', score=100.0) — not linked, needs manual review."
266,conflict_to_resolve,"1 source(s) (nsdi), low confidence — has an unresolved candidate to adjudicate.",nsdi-16502,Chishtiya,Kalutara,,,6.690953911000065,79.99356598300005,low,"A low-confidence DMRCA candidate exists (registrationNo=R/1861/KL/80, name='JISTHIYA MOSQUE', score=70.6) — not linked, needs manual review."
267,conflict_to_resolve,"1 source(s) (nsdi), low confidence — has an unresolved candidate to adjudicate.",nsdi-16540,Masjidun Noor,Kalutara,,,6.699310542000035,79.99360509500008,low,"A low-confidence DMRCA candidate exists (registrationNo=R/1066/KL.52, name='MASJIDUN NOOR', score=100.0) — not linked, needs manual review.; An ambiguous OSM candidate exists (way/1188664928, name='Masjidun NoorJummah Masjidh', 91.0m away) — Nearest OSM mosque is 91m away, but its name ('Masjidun NoorJummah Masjidh') doesn't resemble the NSDI name ('Masjidun Noor') — possible name conflict / two distinct nearby mosques. Not linked, needs manual review."
268,conflict_to_resolve,"1 source(s) (nsdi), low confidence — has an unresolved candidate to adjudicate.",nsdi-16550,Nakshabandiya,Kalutara,,,6.701192253000045,79.99664228200004,low,"A low-confidence DMRCA candidate exists (registrationNo=R/07/KL.02, name='MAJLISUN NAKSHABANDIYA THAKKIYA', score=100.0) — not linked, needs manual review."
269,conflict_to_resolve,"1 source(s) (nsdi), low confidence — has an unresolved candidate to adjudicate.",nsdi-16770,"Al Musjid Jamiul Khairath,Ambalandoowa",Kalutara,,,6.737887324000042,79.91764959900007,low,"A low-confidence DMRCA candidate exists (registrationNo=R/159/KL.12, name='JAMIUL KHAIRATH AMBALANDUWA JUMMA MOSQUE', score=83.9) — not linked, needs manual review."
270,conflict_to_resolve,"1 source(s) (nsdi), low confidence — has an unresolved candidate to adjudicate.",nsdi-16822,Jisthia Mosque,Kalutara,,,6.746812314000067,79.90105288500007,low,"A low-confidence DMRCA candidate exists (registrationNo=R/1219/KL.62, name='JISTHIYA THAKKIYA', score=93.3) — not linked, needs manual review."
271,conflict_to_resolve,"1 source(s) (nsdi), low confidence — has an unresolved candidate to adjudicate.",nsdi-16829,Masjidul Ummy Henamulla,Kalutara,,,6.748421978000067,79.89666846700004,low,"A low-confidence DMRCA candidate exists (registrationNo=R/261/KL.19, name='HENAMULLA JISTHIYA MOSQUE', score=78.3) — not linked, needs manual review.; An ambiguous OSM candidate exists (node/6615733831, name='Dheeniya masjid مسجد', 284.8m away) — Nearest OSM mosque is 285m away, but its name ('Dheeniya masjid مسجد') doesn't resemble the NSDI name ('Masjidul Ummy Henamulla') — possible name conflict / two distinct nearby mosques. Not linked, needs manual review."
272,conflict_to_resolve,"1 source(s) (nsdi), low confidence — has an unresolved candidate to adjudicate.",nsdi-17504,Mohideen Masjeed Mosque,Ratnapura,,,6.836674766000044,80.27656145300006,low,"A low-confidence DMRCA candidate exists (registrationNo=R/42/R/02, name='MOHIDEEN JUMMA MOSQUE', score=100.0) — not linked, needs manual review.; An ambiguous OSM candidate exists (node/10559799888, name='Baduwaththa Muhiyadeen Jumma Masjid', 11.8m away) — Partial name match (53/100) at 12m, contested by a nearby alternative. Not linked, needs manual review."
273,conflict_to_resolve,"1 source(s) (nsdi), low confidence — has an unresolved candidate to adjudicate.",nsdi-17902,Al Nooraniya Mosque,Ampara,,,6.872843123000052,81.83462812600004,low,"A low-confidence DMRCA candidate exists (registrationNo=R/0922/AM/41, name='NOORANIYA GRAND JUMMA MOSQUE', score=100.0) — not linked, needs manual review.; An ambiguous OSM candidate exists (way/776884479, name='None', 271.1m away) — Closest OSM candidate is 271m away, contested by another nearby candidate, no name signal. Not linked, needs manual review."
274,conflict_to_resolve,"1 source(s) (nsdi), low confidence — has an unresolved candidate to adjudicate.",nsdi-18494,,Colombo,,,6.924465139000063,79.85133327400007,low,"An ambiguous OSM candidate exists (node/678259136, name='Masjidul Akbar Jumma Mosque Slave Island', 192.7m away) — Closest OSM candidate is 193m away, contested by another nearby candidate, no name signal. Not linked, needs manual review."
275,conflict_to_resolve,"1 source(s) (nsdi), low confidence — has an unresolved candidate to adjudicate.",nsdi-18565,Muhiyadeen Jumma Mosque,Colombo,,,6.930161960000021,79.87105512100004,low,"A low-confidence DMRCA candidate exists (registrationNo=R/101/C.23, name='MASJID MUHIYADEEN THAKKIYA', score=100.0) — not linked, needs manual review."
276,conflict_to_resolve,"1 source(s) (nsdi), low confidence — has an unresolved candidate to adjudicate.",nsdi-18657,Mirania Jumma Masjid,Colombo,,,6.935341966000067,79.88101264000005,low,"A low-confidence DMRCA candidate exists (registrationNo=R/782/C.65, name='MEERANIYA JUMMA MASJID', score=75.0) — not linked, needs manual review."
277,conflict_to_resolve,"1 source(s) (nsdi), low confidence — has an unresolved candidate to adjudicate.",nsdi-18828,Mohideen Jumma Mosque,Colombo,,,6.946083798000075,79.86072074400005,low,"A low-confidence DMRCA candidate exists (registrationNo=R/744/C.63, name='BAMBALAPITIYA MOHIDEEN JUMMA MOSQUE', score=100.0) — not linked, needs manual review."
278,conflict_to_resolve,"1 source(s) (nsdi), low confidence — has an unresolved candidate to adjudicate.",nsdi-18839,Masjidul Umar Jumma Mosque,Colombo,,,6.9468823240000575,79.87715262800003,low,"A low-confidence DMRCA candidate exists (registrationNo=R/2006/C/18 7, name='MASJIDH UMAR', score=100.0) — not linked, needs manual review."
279,conflict_to_resolve,"1 source(s) (nsdi), low confidence — has an unresolved candidate to adjudicate.",nsdi-18855,Mohideen Jumma Mosque,Colombo,,,6.9479056350000405,79.87210224500006,low,"A low-confidence DMRCA candidate exists (registrationNo=R/2153/C/21 0, name='MOHIDEEN MASJID', score=100.0) — not linked, needs manual review."
280,conflict_to_resolve,"1 source(s) (nsdi), low confidence — has an unresolved candidate to adjudicate.",nsdi-18873,Madurazuthal Al Noor Mosque,Colombo,,,6.949518811000075,79.88134836700004,low,"A low-confidence DMRCA candidate exists (registrationNo=R/987/C.94, name='MASJIDUN NOOR JUMMA MOSQUE', score=100.0) — not linked, needs manual review."
281,conflict_to_resolve,"1 source(s) (nsdi), low confidence — has an unresolved candidate to adjudicate.",nsdi-18910,Al Falah Jumma Mosque,Colombo,,,6.95170041800003,79.87194598000008,low,"A low-confidence DMRCA candidate exists (registrationNo=R/1606/C.161, name='MASJIDHUL FALAH JUMMA MOSQUE', score=100.0) — not linked, needs manual review."
282,conflict_to_resolve,"1 source(s) (nsdi), low confidence — has an unresolved candidate to adjudicate.",nsdi-19201,Masjidun Noor Jumma Mosque,Gampaha,,,6.978315296000062,79.94163027500008,low,"A low-confidence DMRCA candidate exists (registrationNo=R/496/GM.12, name='MASJIDUN NOOR JUMMA MOSQUE', score=100.0) — not linked, needs manual review."
283,conflict_to_resolve,"1 source(s) (nsdi), low confidence — has an unresolved candidate to adjudicate.",nsdi-20786,Masjidul Huda Mosque Maliyadda,Kegalle,,,7.2286221230000365,80.45946800400003,low,"A low-confidence DMRCA candidate exists (registrationNo=R/0454/KD/35, name='MASJIDUL HUDA JUMMA MOSQUE', score=100.0) — not linked, needs manual review."
284,conflict_to_resolve,"1 source(s) (nsdi), low confidence — has an unresolved candidate to adjudicate.",nsdi-20809,"Jummah Mosque, Paddiyadipitti",Ampara,,,7.230078886000058,81.82001922700005,low,"A low-confidence DMRCA candidate exists (registrationNo=R/0664/AM/15, name='PATTIYADIPITTY JUMMA MOSQUE', score=78.6) — not linked, needs manual review."
285,conflict_to_resolve,"1 source(s) (nsdi), low confidence — has an unresolved candidate to adjudicate.",nsdi-20841,,Ampara,,,7.234574090000024,81.85222366600004,low,"An ambiguous OSM candidate exists (way/1264135236, name='Thaikkanagar Jumma Mosque', 262.3m away) — Closest OSM candidate is 262m away, contested by another nearby candidate, no name signal. Not linked, needs manual review."
286,conflict_to_resolve,"1 source(s) (nsdi), low confidence — has an unresolved candidate to adjudicate.",nsdi-20919,Maduratul Latifiya Mosque,Kegalle,,,7.243873483000073,80.45053091800008,low,"An ambiguous OSM candidate exists (node/5623934581, name='Keraminiya mosque', 184.9m away) — Nearest OSM mosque is 185m away, but its name ('Keraminiya mosque') doesn't resemble the NSDI name ('Maduratul Latifiya Mosque') — possible name conflict / two distinct nearby mosques. Not linked, needs manual review."
287,conflict_to_resolve,"1 source(s) (nsdi), low confidence — has an unresolved candidate to adjudicate.",nsdi-20946,Masjunul Jumma Mosque,Kegalle,,,7.248330515000021,80.44642563900004,low,"An ambiguous OSM candidate exists (node/10068712240, name='An-Noor mosque', 10.2m away) — Nearest OSM mosque is 10m away, but its name ('An-Noor mosque') doesn't resemble the NSDI name ('Masjunul Jumma Mosque') — possible name conflict / two distinct nearby mosques. Not linked, needs manual review."
288,conflict_to_resolve,"1 source(s) (nsdi), low confidence — has an unresolved candidate to adjudicate.",nsdi-20985,Masjidul Huda Mosque,Kandy,,,7.252598614000021,80.53018734000005,low,"A low-confidence DMRCA candidate exists (registrationNo=R/73/K/11, name='AL MADRASATHUL MANARUL HUDA THAKKIYA', score=100.0) — not linked, needs manual review."
289,conflict_to_resolve,"1 source(s) (nsdi), low confidence — has an unresolved candidate to adjudicate.",nsdi-21009,Jabas Mosque,Kandy,,,7.255110307000052,80.52647950700003,low,"A low-confidence DMRCA candidate exists (registrationNo=R/2539/K/295, name='Masjidul Jabal Thakkiya', score=80.0) — not linked, needs manual review."
290,conflict_to_resolve,"1 source(s) (nsdi), low confidence — has an unresolved candidate to adjudicate.",nsdi-21015,Masthu Ramalan Mosque,Kandy,,,7.255496477000065,80.53128255800004,low,"A low-confidence DMRCA candidate exists (registrationNo=R/1841/K.173, name='MASDUR RAHMAN', score=74.1) — not linked, needs manual review."
291,conflict_to_resolve,"1 source(s) (nsdi), low confidence — has an unresolved candidate to adjudicate.",nsdi-21105,Alrahuman Mosque,Kegalle,,,7.265939613000057,80.45145494200005,low,"A low-confidence DMRCA candidate exists (registrationNo=R/2541/KD/119, name='MASJIDUL RAHMAN JUMMA MOSQUE', score=80.0) — not linked, needs manual review."
292,conflict_to_resolve,"1 source(s) (nsdi), low confidence — has an unresolved candidate to adjudicate.",nsdi-21145,Al-Mathrasathul Iqbal Mosque,Ampara,,,7.2696925340000575,81.85084560600006,low,"An ambiguous OSM candidate exists (node/3314164004, name='Masjid Ul Rauff', 47.2m away) — Nearest OSM mosque is 47m away, but its name ('Masjid Ul Rauff') doesn't resemble the NSDI name ('Al-Mathrasathul Iqbal Mosque') — possible name conflict / two distinct nearby mosques. Not linked, needs manual review."
293,conflict_to_resolve,"1 source(s) (nsdi), low confidence — has an unresolved candidate to adjudicate.",nsdi-21371,AL Madrasathul Ilahiyya,Ampara,,,7.2908439110000245,81.85883654500003,low,"A low-confidence DMRCA candidate exists (registrationNo=R/1206/AM/85, name='MADRASATHUL FAKRIYA MOSQUE', score=82.1) — not linked, needs manual review.; An ambiguous OSM candidate exists (way/1497575017, name='school pray center', 221.7m away) — Nearest OSM mosque is 222m away, but its name ('school pray center') doesn't resemble the NSDI name ('AL Madrasathul Ilahiyya') — possible name conflict / two distinct nearby mosques. Not linked, needs manual review."
294,conflict_to_resolve,"1 source(s) (nsdi), low confidence — has an unresolved candidate to adjudicate.",nsdi-21437,Meerakkam Mosque,Kandy,,,7.298382395000033,80.63520149700008,low,"An ambiguous OSM candidate exists (way/1167973230, name='Meera Maccam Jummah Masjid', 0.9m away) — Nearest OSM mosque is 1m away, but its name ('Meera Maccam Jummah Masjid') doesn't resemble the NSDI name ('Meerakkam Mosque') — possible name conflict / two distinct nearby mosques. Not linked, needs manual review."
295,conflict_to_resolve,"1 source(s) (nsdi), low confidence — has an unresolved candidate to adjudicate.",nsdi-21479,"Al-Falah Mosque, Nainakadu",Ampara,,,7.301515066000036,81.77379970700008,low,"A low-confidence DMRCA candidate exists (registrationNo=R/1099/AM/63, name='MASJIDUL FALAH', score=100.0) — not linked, needs manual review."
296,conflict_to_resolve,"1 source(s) (nsdi), low confidence — has an unresolved candidate to adjudicate.",nsdi-21820,"Masjithul Falah, Nintavur",Ampara,,,7.347417618000065,81.85275233800007,low,"A low-confidence DMRCA candidate exists (registrationNo=R/0318/AM/03, name='NINTAVUR JUMMA MOSQUE', score=100.0) — not linked, needs manual review."
297,conflict_to_resolve,"1 source(s) (nsdi), low confidence — has an unresolved candidate to adjudicate.",nsdi-21869,Mohideen Jumma Mosque,Kandy,,,7.355914959000074,80.78965078900006,low,"A low-confidence DMRCA candidate exists (registrationNo=R/14/K/01, name='KATUGASTOTA MOHIDEEN JUMMA MOSQUE', score=100.0) — not linked, needs manual review."
298,conflict_to_resolve,"1 source(s) (nsdi), low confidence — has an unresolved candidate to adjudicate.",nsdi-21932,,Kandy,,,7.365053837000062,80.62151105100008,low,"An ambiguous OSM candidate exists (node/13575435498, name='Azhariya jumma masid', 215.1m away) — Closest OSM candidate is 215m away, contested by another nearby candidate, no name signal. Not linked, needs manual review."
299,conflict_to_resolve,"1 source(s) (nsdi), low confidence — has an unresolved candidate to adjudicate.",nsdi-21933,,Kandy,,,7.365053837000062,80.62151105100008,low,"An ambiguous OSM candidate exists (way/1480031445, name='None', 215.5m away) — Closest OSM candidate is 215m away, contested by another nearby candidate, no name signal. Not linked, needs manual review."
300,conflict_to_resolve,"1 source(s) (nsdi), low confidence — has an unresolved candidate to adjudicate.",nsdi-21946,Masjidul Higariyah Mosque,Kurunegala,,,7.366168844000072,80.14877329200004,low,"A low-confidence DMRCA candidate exists (registrationNo=R/392/KU.47, name='MASJIDUL KHAIRIYA JUMMA MOSQUE', score=70.6) — not linked, needs manual review."
301,conflict_to_resolve,"1 source(s) (nsdi), low confidence — has an unresolved candidate to adjudicate.",nsdi-22107,,Ampara,,,7.387372067000058,81.84569129700003,low,"An ambiguous OSM candidate exists (node/3318026006, name='Al Zareef Mosque', 294.3m away) — Closest OSM candidate is 294m away, contested by another nearby candidate, no name signal. Not linked, needs manual review."
302,conflict_to_resolve,"1 source(s) (nsdi), low confidence — has an unresolved candidate to adjudicate.",nsdi-22186,,Ampara,,,7.399717750000036,81.83277871500007,low,"An ambiguous OSM candidate exists (way/1551102472, name='None', 293.8m away) — Closest OSM candidate is 294m away, contested by another nearby candidate, no name signal. Not linked, needs manual review."
303,conflict_to_resolve,"1 source(s) (nsdi), low confidence — has an unresolved candidate to adjudicate.",nsdi-22206,Masjin Rahmaniya Mosque,Kurunegala,,,7.402381695000031,80.13031981100005,low,"A low-confidence DMRCA candidate exists (registrationNo=R/224/KU.24, name='AL MASJIDUL RAHMANIYA JUMMA MASJID', score=100.0) — not linked, needs manual review."
304,conflict_to_resolve,"1 source(s) (nsdi), low confidence — has an unresolved candidate to adjudicate.",nsdi-22253,Madrasathul Hameed Mosque,Matale,,,7.409739543000057,80.64942645300005,low,"A low-confidence DMRCA candidate exists (registrationNo=R/2186/MT 55, name='MADRASATHUL JABAL MASJID', score=78.6) — not linked, needs manual review."
305,conflict_to_resolve,"1 source(s) (nsdi), low confidence — has an unresolved candidate to adjudicate.",nsdi-22323,Al-Masjidh Smail Masque,Kandy,,,7.418056275000026,80.56240556900008,low,"A low-confidence DMRCA candidate exists (registrationNo=R/2086/K/193, name='MASJIDHUL HUDA JUMMAH MASJIDH', score=73.7) — not linked, needs manual review."
306,conflict_to_resolve,"1 source(s) (nsdi), low confidence — has an unresolved candidate to adjudicate.",nsdi-22326,Masjidul Akbar Jumma Mosque,Matale,,,7.418349572000068,80.64217394300005,low,"An ambiguous OSM candidate exists (way/1167295615, name='Maberiya Jummah Masjidh', 7.1m away) — Nearest OSM mosque is 7m away, but its name ('Maberiya Jummah Masjidh') doesn't resemble the NSDI name ('Masjidul Akbar Jumma Mosque') — possible name conflict / two distinct nearby mosques. Not linked, needs manual review."
307,conflict_to_resolve,"1 source(s) (nsdi), low confidence — has an unresolved candidate to adjudicate.",nsdi-22439,Nooraniya Grand Jummah Mosque,Ampara,,,7.430987456000025,81.74688970800008,low,"A low-confidence DMRCA candidate exists (registrationNo=R/1036/AM/47, name='AL - MASJIDUL NOORANIYA', score=100.0) — not linked, needs manual review."
308,conflict_to_resolve,"1 source(s) (nsdi), low confidence — has an unresolved candidate to adjudicate.",nsdi-22446,Masjidul Huda Mosque,Matale,,,7.432920314000057,80.61965423600003,low,"A low-confidence DMRCA candidate exists (registrationNo=R/226/MT 09, name='MASJIDUL HUDA', score=100.0) — not linked, needs manual review."
309,conflict_to_resolve,"1 source(s) (nsdi), low confidence — has an unresolved candidate to adjudicate.",nsdi-22497,Masjidun Noor Mosque,Matale,,,7.439834749000056,80.62885106000004,low,"A low-confidence DMRCA candidate exists (registrationNo=R/1138/MT 36, name='AL - MASJIDUN NOOR JUMMA MOSOQUE', score=100.0) — not linked, needs manual review."
310,conflict_to_resolve,"1 source(s) (nsdi), low confidence — has an unresolved candidate to adjudicate.",nsdi-22845,Masjidhul Jallullah Jumma Mosque,Kurunegala,,,7.491532307000057,80.19084549000007,low,"A low-confidence DMRCA candidate exists (registrationNo=R/475/KU.56, name='MASJIDUL JELLALULLAH', score=80.0) — not linked, needs manual review."
311,conflict_to_resolve,"1 source(s) (nsdi), low confidence — has an unresolved candidate to adjudicate.",nsdi-23044,Muslim Palliya,Kurunegala,,,7.5297273660000315,80.11511635100004,low,"A low-confidence DMRCA candidate exists (registrationNo=R/322/KU.37, name='MUSLIM THAKKIYA MASJID', score=100.0) — not linked, needs manual review."
312,conflict_to_resolve,"1 source(s) (nsdi), low confidence — has an unresolved candidate to adjudicate.",nsdi-23448,Masiidul Haira Mosque,Kurunegala,,,7.620525051000072,80.16426399400007,low,"A low-confidence DMRCA candidate exists (registrationNo=R/1272/KU.120, name='AL MASJIDU IRSHAD', score=71.4) — not linked, needs manual review."
313,conflict_to_resolve,"1 source(s) (nsdi), low confidence — has an unresolved candidate to adjudicate.",nsdi-23553,Mohideen Masjeed Mosque,Kurunegala,,,7.642654033000042,80.48902179400005,low,"A low-confidence DMRCA candidate exists (registrationNo=R/107/KU.10, name='MOHIDEEN JUMMA MOSQUE', score=100.0) — not linked, needs manual review."
314,conflict_to_resolve,"1 source(s) (nsdi), low confidence — has an unresolved candidate to adjudicate.",nsdi-23583,Matharasathul Rahumaniya Arabic School,Kurunegala,,,7.6512338650000515,80.50282711000006,low,"A low-confidence DMRCA candidate exists (registrationNo=R/123/KU.15, name='MASJIDUL RAHUMANIYA', score=100.0) — not linked, needs manual review."
315,conflict_to_resolve,"1 source(s) (nsdi), low confidence — has an unresolved candidate to adjudicate.",nsdi-23597,Masjinnoor Mosque,Kurunegala,,,7.655763197000056,80.38165324100004,low,"A low-confidence DMRCA candidate exists (registrationNo=R/2043/KU 174, name='MASJIDHUN NOOR', score=83.3) — not linked, needs manual review."
316,conflict_to_resolve,"1 source(s) (nsdi), low confidence — has an unresolved candidate to adjudicate.",nsdi-24064,Masjidul Hudha Jumma Mosque,Matale,,,7.7552856540000334,80.56689042900007,low,"A low-confidence DMRCA candidate exists (registrationNo=R/1516/MT 43, name='MASJIDUL HUDA MOSQUE', score=88.9) — not linked, needs manual review."
317,conflict_to_resolve,"1 source(s) (nsdi), low confidence — has an unresolved candidate to adjudicate.",nsdi-24096,Al-Masjidun Noor Jumma Mosque,Matale,,,7.762965301000065,80.60060167300009,low,"A low-confidence DMRCA candidate exists (registrationNo=R/1683/MT 46, name='AL MASJIDUN NOOR JUMMA MOSQUE', score=100.0) — not linked, needs manual review."
318,conflict_to_resolve,"1 source(s) (nsdi), low confidence — has an unresolved candidate to adjudicate.",nsdi-24145,Rahumania Mosque,Matale,,,7.777090208000061,80.55516349500004,low,"A low-confidence DMRCA candidate exists (registrationNo=R/1964/MT 50, name='MASJIDUR RAHMA', score=71.4) — not linked, needs manual review."
319,conflict_to_resolve,"1 source(s) (nsdi), low confidence — has an unresolved candidate to adjudicate.",nsdi-24565,,Batticaloa,,,7.92411125700005,81.52851289300008,low,"An ambiguous OSM candidate exists (way/386099600, name='Aaysha Masjid, Valaichcenai', 170.7m away) — Closest OSM candidate is 171m away, contested by another nearby candidate, no name signal. Not linked, needs manual review."
320,conflict_to_resolve,"1 source(s) (nsdi), low confidence — has an unresolved candidate to adjudicate.",nsdi-24628,Mohideen Thakkiya Mosque,Puttalam,,,7.954342039000039,79.80365529600004,low,"A low-confidence DMRCA candidate exists (registrationNo=R/09/P.01, name='MOHIDEEN JUMMA MOSQUE', score=100.0) — not linked, needs manual review."
321,conflict_to_resolve,"1 source(s) (nsdi), low confidence — has an unresolved candidate to adjudicate.",nsdi-24630,Pattani Sahib Jumma Mosque,Puttalam,,,7.954879378000044,79.80831433300006,low,"A low-confidence DMRCA candidate exists (registrationNo=R/213/P.23, name='PATTANI SAHIB DHARGA MOSQUE', score=100.0) — not linked, needs manual review."
322,conflict_to_resolve,"1 source(s) (nsdi), low confidence — has an unresolved candidate to adjudicate.",nsdi-24677,Masjidal Mur Mosque,Anuradhapura,,,7.975192722000031,80.52884075600008,low,"A low-confidence DMRCA candidate exists (registrationNo=R/1572/A.100, name='MAJIDUL MUNAWARA', score=71.4) — not linked, needs manual review."
323,conflict_to_resolve,"1 source(s) (nsdi), low confidence — has an unresolved candidate to adjudicate.",nsdi-24695,Mohideen jumma mosque,Polonnaruwa,,,7.9814319870000645,81.09588231600003,low,"A low-confidence DMRCA candidate exists (registrationNo=R/253/PL.02, name='MOHIDEEN MOSQUE', score=100.0) — not linked, needs manual review."
324,conflict_to_resolve,"1 source(s) (nsdi), low confidence — has an unresolved candidate to adjudicate.",nsdi-24749,,Kurunegala,,,8.00504821800007,80.25269056200005,low,"An ambiguous OSM candidate exists (way/757755330, name='None', 158.3m away) — Closest OSM candidate is 158m away, contested by another nearby candidate, no name signal. Not linked, needs manual review."
325,conflict_to_resolve,"1 source(s) (nsdi), low confidence — has an unresolved candidate to adjudicate.",nsdi-24770,MOHIDEEN JUMMA MOSQUE,Polonnaruwa,,,8.018101354000066,80.96067926500007,low,"A low-confidence DMRCA candidate exists (registrationNo=R/703/PL.10, name='MOHIDEEN MOSQUE', score=100.0) — not linked, needs manual review."
326,conflict_to_resolve,"1 source(s) (nsdi), low confidence — has an unresolved candidate to adjudicate.",nsdi-24893,Mohideen Jumma Mosque,Anuradhapura,,,8.064001511000072,80.48509708200004,low,"A low-confidence DMRCA candidate exists (registrationNo=R/218/A.05, name='MOHIDEEN JUMMA MOSQUE', score=100.0) — not linked, needs manual review."
327,conflict_to_resolve,"1 source(s) (nsdi), low confidence — has an unresolved candidate to adjudicate.",nsdi-25066,Mujahideen Jumma Mosque,Puttalam,,,8.143740430000037,79.71839145900003,low,"A low-confidence DMRCA candidate exists (registrationNo=R/079/P.08, name='MUHIYIDEEN JUMMA MOSQUE', score=80.0) — not linked, needs manual review."
328,conflict_to_resolve,"1 source(s) (nsdi), low confidence — has an unresolved candidate to adjudicate.",nsdi-25100,Mohideen Jumma Mosque,Puttalam,,,8.158826439000052,79.72267809400006,low,"A low-confidence DMRCA candidate exists (registrationNo=R/907/P.75, name='MOHIDEEN JUMMA MOSQUE', score=100.0) — not linked, needs manual review."
329,conflict_to_resolve,"1 source(s) (nsdi), low confidence — has an unresolved candidate to adjudicate.",nsdi-25119,Mohideen a Mosque,Puttalam,,,8.170055658000024,79.72672779700008,low,"A low-confidence DMRCA candidate exists (registrationNo=R/909/P.77, name='MOHIDEEN THAKKIYA', score=100.0) — not linked, needs manual review."
330,conflict_to_resolve,"1 source(s) (nsdi), low confidence — has an unresolved candidate to adjudicate.",nsdi-25129,Mohideen Jumma Mosque,Puttalam,,,8.172971498000038,79.73681335900005,low,"A low-confidence DMRCA candidate exists (registrationNo=R/937/P.78, name='MOHIDEEN JUMMA MOSQUE', score=100.0) — not linked, needs manual review."
331,conflict_to_resolve,"1 source(s) (nsdi), low confidence — has an unresolved candidate to adjudicate.",nsdi-25132,Thakya Mohideen Mosque,Puttalam,,,8.175513476000049,79.72836262700008,low,"A low-confidence DMRCA candidate exists (registrationNo=R/1136/P.83, name='MOHIDEEN JUMMA MOSQUE', score=100.0) — not linked, needs manual review."
332,conflict_to_resolve,"1 source(s) (nsdi), low confidence — has an unresolved candidate to adjudicate.",nsdi-25143,Mohideen Jumma Mosque,Puttalam,,,8.182228389000045,79.73778371600008,low,"A low-confidence DMRCA candidate exists (registrationNo=R/1169/P.88, name='MOHIDEEN MOSQUE', score=100.0) — not linked, needs manual review."
333,conflict_to_resolve,"1 source(s) (nsdi), low confidence — has an unresolved candidate to adjudicate.",nsdi-25150,Lahurthar Sahib Jumma Mosque,Puttalam,,,8.184542926000063,79.72984372100007,low,"A low-confidence DMRCA candidate exists (registrationNo=R/130/P.12, name='RAWTHER SAHIB MOSQUE', score=71.4) — not linked, needs manual review."
334,conflict_to_resolve,"1 source(s) (nsdi), low confidence — has an unresolved candidate to adjudicate.",nsdi-25165,Koobar Mosque,Puttalam,,,8.19056437200004,79.74109150900006,low,"A low-confidence DMRCA candidate exists (registrationNo=R/1911/P 173, name='MASJIDUL KOOFA', score=72.7) — not linked, needs manual review."
335,conflict_to_resolve,"1 source(s) (nsdi), low confidence — has an unresolved candidate to adjudicate.",nsdi-25205,Dhakkya  Mosque,Puttalam,,,8.21207541900003,79.73748363300007,low,"An ambiguous OSM candidate exists (node/13339072325, name='Grand Mosque Kurinchipity', 298.0m away) — Nearest OSM mosque is 298m away, but its name ('Grand Mosque Kurinchipity') doesn't resemble the NSDI name ('Dhakkya  Mosque') — possible name conflict / two distinct nearby mosques. Not linked, needs manual review."
336,conflict_to_resolve,"1 source(s) (nsdi), low confidence — has an unresolved candidate to adjudicate.",nsdi-25207,Mohideen Jumma Mosque,Puttalam,,,8.213187817000062,79.71667560500003,low,"A low-confidence DMRCA candidate exists (registrationNo=R/1190/P.92, name='MOHIDEEN KOTHUBA MOSQUE', score=100.0) — not linked, needs manual review.; An ambiguous OSM candidate exists (node/13339072331, name='Kandakuliya Grand Jummah Masjidh', 31.7m away) — Nearest OSM mosque is 32m away, but its name ('Kandakuliya Grand Jummah Masjidh') doesn't resemble the NSDI name ('Mohideen Jumma Mosque') — possible name conflict / two distinct nearby mosques. Not linked, needs manual review."
337,conflict_to_resolve,"1 source(s) (nsdi), low confidence — has an unresolved candidate to adjudicate.",nsdi-25296,Mohideen Jumma Masjid(Mosque),Anuradhapura,,,8.259276855000053,80.20497298400005,low,"A low-confidence DMRCA candidate exists (registrationNo=R/273/A.09, name='MOHIDEEN MASJID', score=100.0) — not linked, needs manual review."
338,conflict_to_resolve,"1 source(s) (nsdi), low confidence — has an unresolved candidate to adjudicate.",nsdi-25297,Mohideen Jumma Masjid(Mosque),Anuradhapura,,,8.259276855000053,80.20497298400005,low,"A low-confidence DMRCA candidate exists (registrationNo=R/310/A.12, name='MOHIDEEN JUMMA MOSQUE', score=100.0) — not linked, needs manual review."
339,conflict_to_resolve,"1 source(s) (nsdi), low confidence — has an unresolved candidate to adjudicate.",nsdi-25302,Mohideen Jumma Masjid(Mosque),Anuradhapura,,,8.262626279000074,80.20851689600005,low,"A low-confidence DMRCA candidate exists (registrationNo=R/325/A.15, name='MOHIDEEN JUMMA MOSQUE', score=100.0) — not linked, needs manual review."
340,conflict_to_resolve,"1 source(s) (nsdi), low confidence — has an unresolved candidate to adjudicate.",nsdi-25637,Muhaideen Jummah Mosque,Trincomalee,,,8.454246796000064,81.26684893700008,low,"A low-confidence DMRCA candidate exists (registrationNo=R/017/T/001, name='MUHIYIDEEN JUMMA MOSQUE', score=84.2) — not linked, needs manual review."
341,conflict_to_resolve,"1 source(s) (nsdi), low confidence — has an unresolved candidate to adjudicate.",nsdi-25661,Salinath Grand Jumma Masjid,Trincomalee,,,8.461121676000062,81.07639117900004,low,"A low-confidence DMRCA candidate exists (registrationNo=R/0671/T/030, name='MASJIDUL SALIHATH JUMMA MOSQUE', score=87.5) — not linked, needs manual review."
342,conflict_to_resolve,"1 source(s) (nsdi), low confidence — has an unresolved candidate to adjudicate.",nsdi-25681,Muhaideen Jumma  Mosque,Trincomalee,,,8.474977207000052,81.08488603600006,low,"A low-confidence DMRCA candidate exists (registrationNo=R/112/T/004, name='MUHIYIDEEN JUMMA MOSQUE', score=84.2) — not linked, needs manual review."
343,conflict_to_resolve,"1 source(s) (nsdi), low confidence — has an unresolved candidate to adjudicate.",nsdi-25724,Masjidun Noor Mosque,Trincomalee,,,8.497869994000041,81.14992510900004,low,"A low-confidence DMRCA candidate exists (registrationNo=R/1056/T/064, name='MASJIDU-UN-NOOR JUMMA MOSQUE', score=100.0) — not linked, needs manual review."
344,conflict_to_resolve,"1 source(s) (nsdi), low confidence — has an unresolved candidate to adjudicate.",nsdi-25731,Masjidul Falah Jummah Mosque,Trincomalee,,,8.501353666000057,81.15962026200003,low,"A low-confidence DMRCA candidate exists (registrationNo=R/1240/T/094, name='MASJIDUL FALAH JUMMAH MOSQUE', score=100.0) — not linked, needs manual review."
345,conflict_to_resolve,"1 source(s) (nsdi), low confidence — has an unresolved candidate to adjudicate.",nsdi-25733,Masjidul Khair Jummah Mosque,Trincomalee,,,8.50172966200006,81.17979211000005,low,"A low-confidence DMRCA candidate exists (registrationNo=R/1223/T/086, name='KHAIRIYA THAKKIYA', score=76.9) — not linked, needs manual review.; An ambiguous OSM candidate exists (way/752687139, name='Buhary Masjid', 154.7m away) — Partial name match (55/100) at 155m. Not linked, needs manual review."
346,conflict_to_resolve,"1 source(s) (nsdi), low confidence — has an unresolved candidate to adjudicate.",nsdi-25735,Aqsha Mosque,Trincomalee,,,8.503210796000076,81.18587220500007,low,"A low-confidence DMRCA candidate exists (registrationNo=R/2227/T/201, name='AL AQSHA MASJIDH', score=100.0) — not linked, needs manual review."
347,conflict_to_resolve,"1 source(s) (nsdi), low confidence — has an unresolved candidate to adjudicate.",nsdi-25738,Masjidul Ohmiya Mosque,Trincomalee,,,8.50407823300003,81.16203007100006,low,"A low-confidence DMRCA candidate exists (registrationNo=R/1444/T/115, name='MOHAMEDIYA THAKKIYA', score=75.0) — not linked, needs manual review."
348,conflict_to_resolve,"1 source(s) (nsdi), low confidence — has an unresolved candidate to adjudicate.",nsdi-25743,Thakkiyathul Noor Mosque,Trincomalee,,,8.505716068000027,81.18954165900004,low,"A low-confidence DMRCA candidate exists (registrationNo=R/12234/T/08 7, name='MASJIDUN NOOR JUMMA MOSQUE', score=100.0) — not linked, needs manual review."
349,conflict_to_resolve,"1 source(s) (nsdi), low confidence — has an unresolved candidate to adjudicate.",nsdi-25748,Jawa jummah Mosque,Trincomalee,,,8.507041178000065,81.17839536700006,low,"A low-confidence DMRCA candidate exists (registrationNo=R/0676/T/033, name='MALAY (JAWA) KOTHBA MOSQUE', score=100.0) — not linked, needs manual review."
350,conflict_to_resolve,"1 source(s) (nsdi), low confidence — has an unresolved candidate to adjudicate.",nsdi-25749,Masjidun Noor Mosque,Trincomalee,,,8.508485448000044,81.19787132700003,low,"A low-confidence DMRCA candidate exists (registrationNo=R/1396/T/108, name='MASJIDUN NOOR', score=100.0) — not linked, needs manual review."
351,conflict_to_resolve,"1 source(s) (nsdi), low confidence — has an unresolved candidate to adjudicate.",nsdi-25762,Masjidul Rafiya Mosque,Trincomalee,,,8.520441022000057,81.19397701200006,low,"A low-confidence DMRCA candidate exists (registrationNo=R/1225/T/088, name='MASJIDUS SHAFIYA JUMMA MOSQUE', score=76.9) — not linked, needs manual review."
352,conflict_to_resolve,"1 source(s) (nsdi), low confidence — has an unresolved candidate to adjudicate.",nsdi-25838,Muhadeen Jumma Masjid,Trincomalee,,,8.573356549000039,81.23210566900008,low,"A low-confidence DMRCA candidate exists (registrationNo=R/2152/T 199, name='MASJIDUL MADEENA', score=80.0) — not linked, needs manual review."
353,conflict_to_resolve,"1 source(s) (nsdi), low confidence — has an unresolved candidate to adjudicate.",nsdi-25887,Mohideen Jumma Mosque,Vavuniya,,,8.605668477000052,80.32978679900003,low,"A low-confidence DMRCA candidate exists (registrationNo=R/1351/V/16, name='PUDUKUDIMUNAI MOHIDEEN MOSQUE', score=100.0) — not linked, needs manual review.; An ambiguous OSM candidate exists (node/4414048679, name='Masjidhur Rahman', 36.3m away) — Nearest OSM mosque is 36m away, but its name ('Masjidhur Rahman') doesn't resemble the NSDI name ('Mohideen Jumma Mosque') — possible name conflict / two distinct nearby mosques. Not linked, needs manual review."
354,conflict_to_resolve,"1 source(s) (nsdi), low confidence — has an unresolved candidate to adjudicate.",nsdi-26354,Mohideen d Jummah Mosque,Mannar,,,8.976573939000048,79.91337903500005,low,"A low-confidence DMRCA candidate exists (registrationNo=R/0820/MN 36, name='MOHIDEEN MOSQUE', score=100.0) — not linked, needs manual review."
355,conflict_to_resolve,"1 source(s) (nsdi), low confidence — has an unresolved candidate to adjudicate.",nsdi-26368,Mohidee Jummah Mosque,Mannar,,,8.983651007000049,79.91146838400005,low,"A low-confidence DMRCA candidate exists (registrationNo=R/0824/MN 40, name='MOHIDEEN MOSQUE', score=93.3) — not linked, needs manual review."
356,conflict_to_resolve,"1 source(s) (nsdi), low confidence — has an unresolved candidate to adjudicate.",nsdi-26410,Meeraniya Jumma Mosque,Mannar,,,9.011941426000021,79.87274603000003,low,"A low-confidence DMRCA candidate exists (registrationNo=R/0377/MN 14, name='MEERA MOSQUE', score=71.4) — not linked, needs manual review."
357,conflict_to_resolve,"1 source(s) (nsdi), low confidence — has an unresolved candidate to adjudicate.",nsdi-26413,Husania Palli(Mosque),Mannar,,,9.014288616000044,79.87272905000003,low,"A low-confidence DMRCA candidate exists (registrationNo=R/0560/MN 24, name='HUSSAINIYA MOSQUE', score=82.4) — not linked, needs manual review."
358,conflict_to_resolve,"1 source(s) (nsdi), low confidence — has an unresolved candidate to adjudicate.",nsdi-26430,Mohaidee Sinna Palli (mosque),Mannar,,,9.032851687000061,79.88280943400008,low,"A low-confidence DMRCA candidate exists (registrationNo=R/0826/MN 42, name='MOHIDEEN MOSQUE', score=72.7) — not linked, needs manual review."
359,conflict_to_resolve,"1 source(s) (nsdi), low confidence — has an unresolved candidate to adjudicate.",nsdi-26432,Mohideen Grand Mosque,Mannar,,,9.033480317000055,79.87994060000005,low,"A low-confidence DMRCA candidate exists (registrationNo=R/0759/MN 33, name='KONDACHCHI MOHIDEEN MOSUQE', score=100.0) — not linked, needs manual review."
360,conflict_to_resolve,"1 source(s) (nsdi), low confidence — has an unresolved candidate to adjudicate.",nsdi-27235,,Jaffna,,,9.676637656000025,80.00692542300004,low,"An ambiguous OSM candidate exists (way/572292227, name='Mohideen Jummah Mosque', 150.6m away) — Closest OSM candidate is 151m away, contested by another nearby candidate, no name signal. Not linked, needs manual review."
361,conflict_to_resolve,"1 source(s) (nsdi), low confidence — has an unresolved candidate to adjudicate.",nsdi-27958,Mohideen Jumma,Kilinochchi,,,9.348841088000029,80.41368753500007,low,"A low-confidence DMRCA candidate exists (registrationNo=R/0925/KN/03, name='MOHIDEEN MOSQUE', score=100.0) — not linked, needs manual review."
362,conflict_to_resolve,"1 source(s) (nsdi), low confidence — has an unresolved candidate to adjudicate.",nsdi-28064,Nambuluwa Grand Mosque,Gampaha,,,7.172043939000048,80.13506175300006,low,"A low-confidence DMRCA candidate exists (registrationNo=R/96/GM.06, name='NAMBULUWA JUMMA MOSQUE', score=100.0) — not linked, needs manual review."
363,conflict_to_resolve,"1 source(s) (nsdi), low confidence — has an unresolved candidate to adjudicate.",nsdi-28075,Jabul Kairad Jumma Mosque,Kegalle,,,7.151910651000037,80.15474076400005,low,"A low-confidence DMRCA candidate exists (registrationNo=R/0135/KD/12, name='MASJID JAMIUL KHAIRATH JUMMA MOSQUE', score=74.1) — not linked, needs manual review."
364,conflict_to_resolve,"1 source(s) (nsdi), low confidence — has an unresolved candidate to adjudicate.",nsdi-28164,Masjidun Noor Jummah Mosque,Gampaha,,,7.1156463110000345,80.14131463500007,low,"A low-confidence DMRCA candidate exists (registrationNo=R/1094/GM.34, name='MASJIDUN NOOR JUMMA MOSQUE', score=100.0) — not linked, needs manual review."
365,conflict_to_resolve,"1 source(s) (nsdi), low confidence — has an unresolved candidate to adjudicate.",nsdi-28312,Masjidul Falah,Gampaha,,,7.095965522000029,80.10397334200007,low,"A low-confidence DMRCA candidate exists (registrationNo=R/945/GM.27, name='MAGUNAMUL FALAH JUMMA MOSQUE', score=100.0) — not linked, needs manual review."
366,conflict_to_resolve,"1 source(s) (nsdi), low confidence — has an unresolved candidate to adjudicate.",nsdi-28480,Masjidun Noor,Gampaha,,,7.1027208400000745,80.10557777500003,low,"A low-confidence DMRCA candidate exists (registrationNo=R/1097/GM.35, name='MASJIDUN NOOR JUMMA MOSQUE', score=100.0) — not linked, needs manual review."
367,conflict_to_resolve,"1 source(s) (nsdi), low confidence — has an unresolved candidate to adjudicate.",nsdi-28481,Jamiut Tawheed Mosque,Gampaha,,,7.095710430000054,80.11195151100003,low,"A low-confidence DMRCA candidate exists (registrationNo=R/2402/GM/89, name='JAMIUTH THAWHEETH JUMMA MOSQUE', score=83.9) — not linked, needs manual review."
368,conflict_to_resolve,"1 source(s) (nsdi), low confidence — has an unresolved candidate to adjudicate.",nsdi-28483,Masjidun Noor Jumma Masjid,Gampaha,,,7.093823884000074,80.10939789300005,low,"A low-confidence DMRCA candidate exists (registrationNo=R/1379/GM.39, name='MASJIDUN-UN-NOOR JUMMA MOSQUE', score=100.0) — not linked, needs manual review."
369,conflict_to_resolve,"1 source(s) (dmrca), low confidence — has an unresolved candidate to adjudicate.",dmrca-R-0318-AM-03,NINTAVUR JUMMA MOSQUE,Ampara,NINTAVUR,R/0318/AM/03,,,low,"A low-confidence NSDI candidate exists (nsdiId=21820, name='Masjithul Falah, Nintavur', score=100.0) — not linked, needs manual review."
370,conflict_to_resolve,"1 source(s) (dmrca), low confidence — has an unresolved candidate to adjudicate.",dmrca-R-0664-AM-15,PATTIYADIPITTY JUMMA MOSQUE,Ampara,AKKARAIPATTU,R/0664/AM/15,,,low,"A low-confidence NSDI candidate exists (nsdiId=20809, name='Jummah Mosque, Paddiyadipitti', score=78.6) — not linked, needs manual review."
371,conflict_to_resolve,"1 source(s) (dmrca), low confidence — has an unresolved candidate to adjudicate.",dmrca-R-0922-AM-41,NOORANIYA GRAND JUMMA MOSQUE,Ampara,"VILLAGE 12, WARD NO.1,",R/0922/AM/41,,,low,"A low-confidence NSDI candidate exists (nsdiId=17902, name='Al Nooraniya Mosque', score=100.0) — not linked, needs manual review."
372,conflict_to_resolve,"1 source(s) (dmrca), low confidence — has an unresolved candidate to adjudicate.",dmrca-R-960-AM-44,SAMATHANIYA MATHURASA THAKKIYA,Ampara,"NATPITIMUNAI,",R/960/AM/44,,,low,"A low-confidence NSDI candidate exists (nsdiId=20782, name='AL Mathrasathul Muhammathiya', score=73.9) — not linked, needs manual review."
373,conflict_to_resolve,"1 source(s) (dmrca), low confidence — has an unresolved candidate to adjudicate.",dmrca-R-1036-AM-47,AL - MASJIDUL NOORANIYA,Ampara,"12TH COLONY,",R/1036/AM/47,,,low,"A low-confidence NSDI candidate exists (nsdiId=22439, name='Nooraniya Grand Jummah Mosque', score=100.0) — not linked, needs manual review."
374,conflict_to_resolve,"1 source(s) (dmrca), low confidence — has an unresolved candidate to adjudicate.",dmrca-R-1044-AM-50,MEERA SAHIB ANDAVAR THAKKIYA,Ampara,SAMMANTHURAI,R/1044/AM/50,,,low,"A low-confidence NSDI candidate exists (nsdiId=17928, name='Meera Masjid Mosque', score=100.0) — not linked, needs manual review."
375,conflict_to_resolve,"1 source(s) (dmrca), low confidence — has an unresolved candidate to adjudicate.",dmrca-R-1099-AM-63,MASJIDUL FALAH,Ampara,POTTUVIL,R/1099/AM/63,,,low,"A low-confidence NSDI candidate exists (nsdiId=21479, name='Al-Falah Mosque, Nainakadu', score=100.0) — not linked, needs manual review."
376,conflict_to_resolve,"1 source(s) (dmrca), low confidence — has an unresolved candidate to adjudicate.",dmrca-R-1206-AM-85,MADRASATHUL FAKRIYA MOSQUE,Ampara,"UNIT - 4,",R/1206/AM/85,,,low,"A low-confidence NSDI candidate exists (nsdiId=21371, name='AL Madrasathul Ilahiyya', score=82.1) — not linked, needs manual review."
377,conflict_to_resolve,"1 source(s) (dmrca), low confidence — has an unresolved candidate to adjudicate.",dmrca-R-218-A-05,MOHIDEEN JUMMA MOSQUE,Anuradhapura,"MAIN STREET,",R/218/A.05,,,low,"A low-confidence NSDI candidate exists (nsdiId=24893, name='Mohideen Jumma Mosque', score=100.0) — not linked, needs manual review."
378,conflict_to_resolve,"1 source(s) (dmrca), low confidence — has an unresolved candidate to adjudicate.",dmrca-R-273-A-09,MOHIDEEN MASJID,Anuradhapura,"RAMBATHWILA,",R/273/A.09,,,low,"A low-confidence NSDI candidate exists (nsdiId=25296, name='Mohideen Jumma Masjid(Mosque)', score=100.0) — not linked, needs manual review."
379,conflict_to_resolve,"1 source(s) (dmrca), low confidence — has an unresolved candidate to adjudicate.",dmrca-R-310-A-12,MOHIDEEN JUMMA MOSQUE,Anuradhapura,"ALAHAPERUMAGAMA,",R/310/A.12,,,low,"A low-confidence NSDI candidate exists (nsdiId=25297, name='Mohideen Jumma Masjid(Mosque)', score=100.0) — not linked, needs manual review."
380,conflict_to_resolve,"1 source(s) (dmrca), low confidence — has an unresolved candidate to adjudicate.",dmrca-R-312-A-13,MOHIDEEN JUMMA MOSQUE,Anuradhapura,"NELUGOLLAKADA,",R/312/A.13,,,low,"A low-confidence NSDI candidate exists (nsdiId=25301, name='Mohideen Jumma Masjid(Mosque)', score=100.0) — not linked, needs manual review."
381,conflict_to_resolve,"1 source(s) (dmrca), low confidence — has an unresolved candidate to adjudicate.",dmrca-R-325-A-15,MOHIDEEN JUMMA MOSQUE,Anuradhapura,"NACHCHADUWA,",R/325/A.15,,,low,"A low-confidence NSDI candidate exists (nsdiId=25302, name='Mohideen Jumma Masjid(Mosque)', score=100.0) — not linked, needs manual review."
382,conflict_to_resolve,"1 source(s) (dmrca), low confidence — has an unresolved candidate to adjudicate.",dmrca-R-1572-A-100,MAJIDUL MUNAWARA,Anuradhapura,KATUKELIYAWA,R/1572/A.100,,,low,"A low-confidence NSDI candidate exists (nsdiId=24677, name='Masjidal Mur Mosque', score=71.4) — not linked, needs manual review."
383,conflict_to_resolve,"1 source(s) (dmrca), low confidence — has an unresolved candidate to adjudicate.",dmrca-R-43-C-09,MASJIDUS SALAM JUMMA MOSQUE,Colombo,NO. 56MALIGAWATTE LANE,R/43/C.09,,,low,"A low-confidence NSDI candidate exists (nsdiId=18688, name='Masjidus Salam Jumma Masjid', score=100.0) — not linked, needs manual review."
384,conflict_to_resolve,"1 source(s) (dmrca), low confidence — has an unresolved candidate to adjudicate.",dmrca-R-101-C-23,MASJID MUHIYADEEN THAKKIYA,Colombo,"67, DR. S.D. FERNANDO MAWATHA, MUTUWAL",R/101/C.23,,,low,"A low-confidence NSDI candidate exists (nsdiId=18565, name='Muhiyadeen Jumma Mosque', score=100.0) — not linked, needs manual review."
385,conflict_to_resolve,"1 source(s) (dmrca), low confidence — has an unresolved candidate to adjudicate.",dmrca-R-334-C-37,DEWATAGAHA MOSQUE & SHRINE,Colombo,"12, BAPIST CHAPEL ROAD, CINNAMON GARDEN",R/334/C.37,,,low,"A low-confidence NSDI candidate exists (nsdiId=18387, name='Davatagaha Mosque', score=80.0) — not linked, needs manual review."
386,conflict_to_resolve,"1 source(s) (dmrca), low confidence — has an unresolved candidate to adjudicate.",dmrca-R-744-C-63,BAMBALAPITIYA MOHIDEEN JUMMA MOSQUE,Colombo,"55, NEW BULLERS ROAD",R/744/C.63,,,low,"A low-confidence NSDI candidate exists (nsdiId=18828, name='Mohideen Jumma Mosque', score=100.0) — not linked, needs manual review."
387,conflict_to_resolve,"1 source(s) (dmrca), low confidence — has an unresolved candidate to adjudicate.",dmrca-R-782-C-65,MEERANIYA JUMMA MASJID,Colombo,"263, MEERANIYA STREET",R/782/C.65,,,low,"A low-confidence NSDI candidate exists (nsdiId=18657, name='Mirania Jumma Masjid', score=75.0) — not linked, needs manual review."
388,conflict_to_resolve,"1 source(s) (dmrca), low confidence — has an unresolved candidate to adjudicate.",dmrca-R-987-C-94,MASJIDUN NOOR JUMMA MOSQUE,Colombo,MEEPE GALAGEDERA,R/987/C.94,,,low,"A low-confidence NSDI candidate exists (nsdiId=18873, name='Madurazuthal Al Noor Mosque', score=100.0) — not linked, needs manual review."
389,conflict_to_resolve,"1 source(s) (dmrca), low confidence — has an unresolved candidate to adjudicate.",dmrca-R-1071-C-114,AL MASJIDUR RAHMANIYA MOSQUE,Colombo,"80/82, NEWAHAM SQUARE",R/1071/C.114,,,low,"A low-confidence NSDI candidate exists (nsdiId=19002, name='Masjidur Rahumaniya Mosque', score=94.7) — not linked, needs manual review."
390,conflict_to_resolve,"1 source(s) (dmrca), low confidence — has an unresolved candidate to adjudicate.",dmrca-R-1606-C-161,MASJIDHUL FALAH JUMMA MOSQUE,Colombo,"NO.475/145, SRIMA BANDARANAYAKE MAWATHA, STADIUMGAMA, GRANDPASS",R/1606/C.161,,,low,"A low-confidence NSDI candidate exists (nsdiId=18910, name='Al Falah Jumma Mosque', score=100.0) — not linked, needs manual review."
391,conflict_to_resolve,"1 source(s) (dmrca), low confidence — has an unresolved candidate to adjudicate.",dmrca-R-1784-C-170,MASJIDUL DARUL SALAM,Colombo,"NO.389/C, ZARAS GARDEN, MEGODA KOLONNAWA",R/1784/C.170,,,low,"A low-confidence NSDI candidate exists (nsdiId=18723, name='Masjidus Salam Jumma Masjid', score=100.0) — not linked, needs manual review."
392,conflict_to_resolve,"1 source(s) (dmrca), low confidence — has an unresolved candidate to adjudicate.",dmrca-R-1818-C-173,NOORANIYA JUMMA MASJID,Colombo,"163, MOSQUE LANE, NAWALA ROAD",R/1818/C.173,,,low,"A low-confidence NSDI candidate exists (nsdiId=18259, name='Noorniya Jummah Masjid', score=94.1) — not linked, needs manual review."
393,conflict_to_resolve,"1 source(s) (dmrca), low confidence — has an unresolved candidate to adjudicate.",dmrca-R-1823-C-174,HIDAYATH MOSQUE,Colombo,"25/5, DAM STREET",R/1823/C.174,,,low,"A low-confidence NSDI candidate exists (nsdiId=19005, name='Masjidul Hidyih Jumma Mosque', score=71.4) — not linked, needs manual review."
394,conflict_to_resolve,"1 source(s) (dmrca), low confidence — has an unresolved candidate to adjudicate.",dmrca-R-2006-C-18-7,MASJIDH UMAR,Colombo,"NO. 21/A, PRAGATHIMAWATHA , STACE ROAD",R/2006/C/18 7,,,low,"A low-confidence NSDI candidate exists (nsdiId=18839, name='Masjidul Umar Jumma Mosque', score=100.0) — not linked, needs manual review."
395,conflict_to_resolve,"1 source(s) (dmrca), low confidence — has an unresolved candidate to adjudicate.",dmrca-R-2153-C-21-0,MOHIDEEN MASJID,Colombo,"27, MAHABUTHGAMUWA",R/2153/C/21 0,,,low,"A low-confidence NSDI candidate exists (nsdiId=18855, name='Mohideen Jumma Mosque', score=100.0) — not linked, needs manual review."
396,conflict_to_resolve,"1 source(s) (dmrca), low confidence — has an unresolved candidate to adjudicate.",dmrca-R-04-GM-01,RAKSHAPANA JUMMA MOSQUE,Gampaha,RAKSHAPANA,R/04/GM.01,,,low,"A low-confidence NSDI candidate exists (nsdiId=18850, name='Raxapana Jumma Masjid', score=77.8) — not linked, needs manual review."
397,conflict_to_resolve,"1 source(s) (dmrca), low confidence — has an unresolved candidate to adjudicate.",dmrca-R-96-GM-06,NAMBULUWA JUMMA MOSQUE,Gampaha,NAMBULUWA,R/96/GM.06,,,low,"A low-confidence NSDI candidate exists (nsdiId=28064, name='Nambuluwa Grand Mosque', score=100.0) — not linked, needs manual review."
398,conflict_to_resolve,"1 source(s) (dmrca), low confidence — has an unresolved candidate to adjudicate.",dmrca-R-496-GM-12,MASJIDUN NOOR JUMMA MOSQUE,Gampaha,UDUGODA,R/496/GM.12,,,low,"A low-confidence NSDI candidate exists (nsdiId=19201, name='Masjidun Noor Jumma Mosque', score=100.0) — not linked, needs manual review."
399,conflict_to_resolve,"1 source(s) (dmrca), low confidence — has an unresolved candidate to adjudicate.",dmrca-R-894-GM-21,AKBAR TOWN JUMMA MASJID,Gampaha,AKBAR TOWN,R/894/GM.21,,,low,"A low-confidence NSDI candidate exists (nsdiId=19323, name='Akbar Town Jumma Masjid', score=100.0) — not linked, needs manual review."
400,conflict_to_resolve,"1 source(s) (dmrca), low confidence — has an unresolved candidate to adjudicate.",dmrca-R-945-GM-27,MAGUNAMUL FALAH JUMMA MOSQUE,Gampaha,"15, CHILAW ROAD",R/945/GM.27,,,low,"A low-confidence NSDI candidate exists (nsdiId=28312, name='Masjidul Falah', score=100.0) — not linked, needs manual review."
401,conflict_to_resolve,"1 source(s) (dmrca), low confidence — has an unresolved candidate to adjudicate.",dmrca-R-1094-GM-34,MASJIDUN NOOR JUMMA MOSQUE,Gampaha,"HAJEE FATHIMA GRADEN , MAKOLA",R/1094/GM.34,,,low,"A low-confidence NSDI candidate exists (nsdiId=28164, name='Masjidun Noor Jummah Mosque', score=100.0) — not linked, needs manual review."
402,conflict_to_resolve,"1 source(s) (dmrca), low confidence — has an unresolved candidate to adjudicate.",dmrca-R-1097-GM-35,MASJIDUN NOOR JUMMA MOSQUE,Gampaha,HUNUPOLA,R/1097/GM.35,,,low,"A low-confidence NSDI candidate exists (nsdiId=28480, name='Masjidun Noor', score=100.0) — not linked, needs manual review."
403,conflict_to_resolve,"1 source(s) (dmrca), low confidence — has an unresolved candidate to adjudicate.",dmrca-R-1379-GM-39,MASJIDUN-UN-NOOR JUMMA MOSQUE,Gampaha,KAHATOWITA,R/1379/GM.39,,,low,"A low-confidence NSDI candidate exists (nsdiId=28483, name='Masjidun Noor Jumma Masjid', score=100.0) — not linked, needs manual review."
404,conflict_to_resolve,"1 source(s) (dmrca), low confidence — has an unresolved candidate to adjudicate.",dmrca-R-2402-GM-89,JAMIUTH THAWHEETH JUMMA MOSQUE,Gampaha,"1 4 6 , M A I N S T REET, KAHATOWITA",R/2402/GM/89,,,low,"A low-confidence NSDI candidate exists (nsdiId=28481, name='Jamiut Tawheed Mosque', score=83.9) — not linked, needs manual review."
405,conflict_to_resolve,"1 source(s) (dmrca), low confidence — has an unresolved candidate to adjudicate.",dmrca-R-07-KL-02,MAJLISUN NAKSHABANDIYA THAKKIYA,Kalutara,"NO.37, KURASANI MOULANA MAWATHA",R/07/KL.02,,,low,"A low-confidence NSDI candidate exists (nsdiId=16550, name='Nakshabandiya', score=100.0) — not linked, needs manual review."
406,conflict_to_resolve,"1 source(s) (dmrca), low confidence — has an unresolved candidate to adjudicate.",dmrca-R-159-KL-12,JAMIUL KHAIRATH AMBALANDUWA JUMMA MOSQUE,Kalutara,AMBALANDUWA,R/159/KL.12,,,low,"A low-confidence NSDI candidate exists (nsdiId=16770, name='Al Musjid Jamiul Khairath,Ambalandoowa', score=83.9) — not linked, needs manual review."
407,conflict_to_resolve,"1 source(s) (dmrca), low confidence — has an unresolved candidate to adjudicate.",dmrca-R-261-KL-19,HENAMULLA JISTHIYA MOSQUE,Kalutara,"105, GALLE ROAD, HENAMULLA",R/261/KL.19,,,low,"A low-confidence NSDI candidate exists (nsdiId=16829, name='Masjidul Ummy Henamulla', score=78.3) — not linked, needs manual review."
408,conflict_to_resolve,"1 source(s) (dmrca), low confidence — has an unresolved candidate to adjudicate.",dmrca-R-314-KL-22,NAKSHABANDIYA THAKKIYA,Kalutara,ATULUGAMA,R/314/KL.22,,,low,"A low-confidence NSDI candidate exists (nsdiId=16876, name='Nakshabandiya Jumma Mosque', score=100.0) — not linked, needs manual review."
409,conflict_to_resolve,"1 source(s) (dmrca), low confidence — has an unresolved candidate to adjudicate.",dmrca-R-468-KL-29,KADIRIYA THAKKIYA ALIAS ALAVIA THAKKIYA,Kalutara,MOOR STREET,R/468/KL.29,,,low,"A low-confidence NSDI candidate exists (nsdiId=16003, name='Alaviyathul Qadiriya Thakkiya', score=73.2) — not linked, needs manual review."
410,conflict_to_resolve,"1 source(s) (dmrca), low confidence — has an unresolved candidate to adjudicate.",dmrca-R-540-KL-33,KACHCHIMALAI SHRINE,Kalutara,BERUWELA,R/540/KL.33,,,low,"A low-confidence NSDI candidate exists (nsdiId=15683, name='Ketchimala Mosque', score=72.7) — not linked, needs manual review."
411,conflict_to_resolve,"1 source(s) (dmrca), low confidence — has an unresolved candidate to adjudicate.",dmrca-R-832-KL-43,ZAVIATHUL FASIYATHUL SHATHULIYA,Kalutara,"41, ZAVIYA ROAD, KATUWA, HENAMULLA",R/832/KL.43,,,low,"A low-confidence NSDI candidate exists (nsdiId=15977, name='Al Masjidul Fasiyathush Shazuliyah', score=83.7) — not linked, needs manual review."
412,conflict_to_resolve,"1 source(s) (dmrca), low confidence — has an unresolved candidate to adjudicate.",dmrca-R-1066-KL-52,MASJIDUN NOOR,Kalutara,"MUSLIM COLONY, SIR RAZEEK FAREEDPURAM WELIPENNA",R/1066/KL.52,,,low,"A low-confidence NSDI candidate exists (nsdiId=16540, name='Masjidun Noor', score=100.0) — not linked, needs manual review."
413,conflict_to_resolve,"1 source(s) (dmrca), low confidence — has an unresolved candidate to adjudicate.",dmrca-R-1219-KL-62,JISTHIYA THAKKIYA,Kalutara,"HAJA MAKAN MAWATHA, ATULUGAMA",R/1219/KL.62,,,low,"A low-confidence NSDI candidate exists (nsdiId=16822, name='Jisthia Mosque', score=93.3) — not linked, needs manual review."
414,conflict_to_resolve,"1 source(s) (dmrca), low confidence — has an unresolved candidate to adjudicate.",dmrca-R-1219-KL-64,MOHIDEEN JUMMA MOSQUE,Kalutara,"MATHUGAMA ROAD,",R/1219/KL.64,,,low,"A low-confidence NSDI candidate exists (nsdiId=15997, name='Muhiyadeen Jumma Masjid', score=77.8) — not linked, needs manual review."
415,conflict_to_resolve,"1 source(s) (dmrca), low confidence — has an unresolved candidate to adjudicate.",dmrca-R-1861-KL-80,JISTHIYA MOSQUE,Kalutara,WATTALPOLA ROAD,R/1861/KL/80,,,low,"A low-confidence NSDI candidate exists (nsdiId=16502, name='Chishtiya', score=70.6) — not linked, needs manual review."
416,conflict_to_resolve,"1 source(s) (dmrca), low confidence — has an unresolved candidate to adjudicate.",dmrca-R-14-K-01,KATUGASTOTA MOHIDEEN JUMMA MOSQUE,Kandy,"23, MADAWALA ROAD",R/14/K/01,,,low,"A low-confidence NSDI candidate exists (nsdiId=21869, name='Mohideen Jumma Mosque', score=100.0) — not linked, needs manual review."
417,conflict_to_resolve,"1 source(s) (dmrca), low confidence — has an unresolved candidate to adjudicate.",dmrca-R-73-K-11,AL MADRASATHUL MANARUL HUDA THAKKIYA,Kandy,GAMPOLAWELA,R/73/K/11,,,low,"A low-confidence NSDI candidate exists (nsdiId=20985, name='Masjidul Huda Mosque', score=100.0) — not linked, needs manual review."
418,conflict_to_resolve,"1 source(s) (dmrca), low confidence — has an unresolved candidate to adjudicate.",dmrca-R-1841-K-173,MASDUR RAHMAN,Kandy,MURUTAGAHAMULLA,R/1841/K.173,,,low,"A low-confidence NSDI candidate exists (nsdiId=21015, name='Masthu Ramalan Mosque', score=74.1) — not linked, needs manual review."
419,conflict_to_resolve,"1 source(s) (dmrca), low confidence — has an unresolved candidate to adjudicate.",dmrca-R-2086-K-193,MASJIDHUL HUDA JUMMAH MASJIDH,Kandy,KALUGAMUWA,R/2086/K/193,,,low,"A low-confidence NSDI candidate exists (nsdiId=22323, name='Al-Masjidh Smail Masque', score=73.7) — not linked, needs manual review."
420,conflict_to_resolve,"1 source(s) (dmrca), low confidence — has an unresolved candidate to adjudicate.",dmrca-R-2539-K-295,Masjidul Jabal Thakkiya,Kandy,"97,Kohanga,Kadugannawa.",R/2539/K/295,,,low,"A low-confidence NSDI candidate exists (nsdiId=21009, name='Jabas Mosque', score=80.0) — not linked, needs manual review."
421,conflict_to_resolve,"1 source(s) (dmrca), low confidence — has an unresolved candidate to adjudicate.",dmrca-R-0135-KD-12,MASJID JAMIUL KHAIRATH JUMMA MOSQUE,Kegalle,HIJRAGAMA,R/0135/KD/12,,,low,"A low-confidence NSDI candidate exists (nsdiId=28075, name='Jabul Kairad Jumma Mosque', score=74.1) — not linked, needs manual review."
422,conflict_to_resolve,"1 source(s) (dmrca), low confidence — has an unresolved candidate to adjudicate.",dmrca-R-0454-KD-35,MASJIDUL HUDA JUMMA MOSQUE,Kegalle,KOTEGODA,R/0454/KD/35,,,low,"A low-confidence NSDI candidate exists (nsdiId=20786, name='Masjidul Huda Mosque Maliyadda', score=100.0) — not linked, needs manual review."
423,conflict_to_resolve,"1 source(s) (dmrca), low confidence — has an unresolved candidate to adjudicate.",dmrca-R-2541-KD-119,MASJIDUL RAHMAN JUMMA MOSQUE,Kegalle,"KALAGAHANA,",R/2541/KD/119,,,low,"A low-confidence NSDI candidate exists (nsdiId=21105, name='Alrahuman Mosque', score=80.0) — not linked, needs manual review."
424,conflict_to_resolve,"1 source(s) (dmrca), low confidence — has an unresolved candidate to adjudicate.",dmrca-R-0889-KN-02,MASJIDUL ABDEEN JUMMA MOSQUE,Kilinochchi,"KANDY ROAD, KARADIPOKKU",R/0889/KN/02,,,low,"A low-confidence NSDI candidate exists (nsdiId=26737, name='Masjithul Abtheen Jumma', score=76.9) — not linked, needs manual review."
425,conflict_to_resolve,"1 source(s) (dmrca), low confidence — has an unresolved candidate to adjudicate.",dmrca-R-0925-KN-03,MOHIDEEN MOSQUE,Kilinochchi,"NACHCHIKUDA, PALLAWARAYANKADU, VINAYAGAPURAM",R/0925/KN/03,,,low,"A low-confidence NSDI candidate exists (nsdiId=27958, name='Mohideen Jumma', score=100.0) — not linked, needs manual review."
426,conflict_to_resolve,"1 source(s) (dmrca), low confidence — has an unresolved candidate to adjudicate.",dmrca-R-107-KU-10,MOHIDEEN JUMMA MOSQUE,Kurunegala,IHALAKINIYAMA,R/107/KU.10,,,low,"A low-confidence NSDI candidate exists (nsdiId=23553, name='Mohideen Masjeed Mosque', score=100.0) — not linked, needs manual review."
427,conflict_to_resolve,"1 source(s) (dmrca), low confidence — has an unresolved candidate to adjudicate.",dmrca-R-123-KU-15,MASJIDUL RAHUMANIYA,Kurunegala,MUMMANA,R/123/KU.15,,,low,"A low-confidence NSDI candidate exists (nsdiId=23583, name='Matharasathul Rahumaniya Arabic School', score=100.0) — not linked, needs manual review."
428,conflict_to_resolve,"1 source(s) (dmrca), low confidence — has an unresolved candidate to adjudicate.",dmrca-R-224-KU-24,AL MASJIDUL RAHMANIYA JUMMA MASJID,Kurunegala,"MEDIGE, DEWUTULANGE",R/224/KU.24,,,low,"A low-confidence NSDI candidate exists (nsdiId=22206, name='Masjin Rahmaniya Mosque', score=100.0) — not linked, needs manual review."
429,conflict_to_resolve,"1 source(s) (dmrca), low confidence — has an unresolved candidate to adjudicate.",dmrca-R-322-KU-37,MUSLIM THAKKIYA MASJID,Kurunegala,AMBANPOLA,R/322/KU.37,,,low,"A low-confidence NSDI candidate exists (nsdiId=23044, name='Muslim Palliya', score=100.0) — not linked, needs manual review."
430,conflict_to_resolve,"1 source(s) (dmrca), low confidence — has an unresolved candidate to adjudicate.",dmrca-R-392-KU-47,MASJIDUL KHAIRIYA JUMMA MOSQUE,Kurunegala,MAIN STREET,R/392/KU.47,,,low,"A low-confidence NSDI candidate exists (nsdiId=21946, name='Masjidul Higariyah Mosque', score=70.6) — not linked, needs manual review."
431,conflict_to_resolve,"1 source(s) (dmrca), low confidence — has an unresolved candidate to adjudicate.",dmrca-R-475-KU-56,MASJIDUL JELLALULLAH,Kurunegala,"SYAMBALAGASKOTUWA, KHATAGAHAMADA",R/475/KU.56,,,low,"A low-confidence NSDI candidate exists (nsdiId=22845, name='Masjidhul Jallullah Jumma Mosque', score=80.0) — not linked, needs manual review."
432,conflict_to_resolve,"1 source(s) (dmrca), low confidence — has an unresolved candidate to adjudicate.",dmrca-R-1272-KU-120,AL MASJIDU IRSHAD,Kurunegala,KIRIMETIYAWA,R/1272/KU.120,,,low,"A low-confidence NSDI candidate exists (nsdiId=23448, name='Masiidul Haira Mosque', score=71.4) — not linked, needs manual review."
433,conflict_to_resolve,"1 source(s) (dmrca), low confidence — has an unresolved candidate to adjudicate.",dmrca-R-2043-KU-174,MASJIDHUN NOOR,Kurunegala,"BANDARAGALA, PARAGAHADENIYA",R/2043/KU 174,,,low,"A low-confidence NSDI candidate exists (nsdiId=23597, name='Masjinnoor Mosque', score=83.3) — not linked, needs manual review."
434,conflict_to_resolve,"1 source(s) (dmrca), low confidence — has an unresolved candidate to adjudicate.",dmrca-R-0377-MN-14,MEERA MOSQUE,Mannar,METTANVELI,R/0377/MN 14,,,low,"A low-confidence NSDI candidate exists (nsdiId=26410, name='Meeraniya Jumma Mosque', score=71.4) — not linked, needs manual review."
435,conflict_to_resolve,"1 source(s) (dmrca), low confidence — has an unresolved candidate to adjudicate.",dmrca-R-0560-MN-24,HUSSAINIYA MOSQUE,Mannar,KOSUKUWADY,R/0560/MN 24,,,low,"A low-confidence NSDI candidate exists (nsdiId=26413, name='Husania Palli(Mosque)', score=82.4) — not linked, needs manual review."
436,conflict_to_resolve,"1 source(s) (dmrca), low confidence — has an unresolved candidate to adjudicate.",dmrca-R-0759-MN-33,KONDACHCHI MOHIDEEN MOSUQE,Mannar,KONDACHCHI,R/0759/MN 33,,,low,"A low-confidence NSDI candidate exists (nsdiId=26432, name='Mohideen Grand Mosque', score=100.0) — not linked, needs manual review."
437,conflict_to_resolve,"1 source(s) (dmrca), low confidence — has an unresolved candidate to adjudicate.",dmrca-R-0820-MN-36,MOHIDEEN MOSQUE,Mannar,KAKKAYANKULAM,R/0820/MN 36,,,low,"A low-confidence NSDI candidate exists (nsdiId=26354, name='Mohideen d Jummah Mosque', score=100.0) — not linked, needs manual review."
438,conflict_to_resolve,"1 source(s) (dmrca), low confidence — has an unresolved candidate to adjudicate.",dmrca-R-0824-MN-40,MOHIDEEN MOSQUE,Mannar,VEPPANKULAM,R/0824/MN 40,,,low,"A low-confidence NSDI candidate exists (nsdiId=26368, name='Mohidee Jummah Mosque', score=93.3) — not linked, needs manual review."
439,conflict_to_resolve,"1 source(s) (dmrca), low confidence — has an unresolved candidate to adjudicate.",dmrca-R-0826-MN-42,MOHIDEEN MOSQUE,Mannar,PERIYA KARISAL,R/0826/MN 42,,,low,"A low-confidence NSDI candidate exists (nsdiId=26430, name='Mohaidee Sinna Palli (mosque)', score=72.7) — not linked, needs manual review."
440,conflict_to_resolve,"1 source(s) (dmrca), low confidence — has an unresolved candidate to adjudicate.",dmrca-R-1510-MN-61,MASJIDUL MUNAWWARAH,Mannar,MADEENA NAGAR,R/1510/MN 61,,,low,"A low-confidence NSDI candidate exists (nsdiId=26238, name='Masjid Munawwara Mosque', score=94.7) — not linked, needs manual review."
441,conflict_to_resolve,"1 source(s) (dmrca), low confidence — has an unresolved candidate to adjudicate.",dmrca-R-226-MT-09,MASJIDUL HUDA,Matale,"42, KURUNEGALA ROAD",R/226/MT 09,,,low,"A low-confidence NSDI candidate exists (nsdiId=22446, name='Masjidul Huda Mosque', score=100.0) — not linked, needs manual review."
442,conflict_to_resolve,"1 source(s) (dmrca), low confidence — has an unresolved candidate to adjudicate.",dmrca-R-1138-MT-36,AL - MASJIDUN NOOR JUMMA MOSOQUE,Matale,"6TH COLONY, KANDALAMA",R/1138/MT 36,,,low,"A low-confidence NSDI candidate exists (nsdiId=22497, name='Masjidun Noor Mosque', score=100.0) — not linked, needs manual review."
443,conflict_to_resolve,"1 source(s) (dmrca), low confidence — has an unresolved candidate to adjudicate.",dmrca-R-1516-MT-43,MASJIDUL HUDA MOSQUE,Matale,"PARAWATHA, KALUDAWALA",R/1516/MT 43,,,low,"A low-confidence NSDI candidate exists (nsdiId=24064, name='Masjidul Hudha Jumma Mosque', score=88.9) — not linked, needs manual review."
444,conflict_to_resolve,"1 source(s) (dmrca), low confidence — has an unresolved candidate to adjudicate.",dmrca-R-1683-MT-46,AL MASJIDUN NOOR JUMMA MOSQUE,Matale,"KURUNEGALA ROAD,",R/1683/MT 46,,,low,"A low-confidence NSDI candidate exists (nsdiId=24096, name='Al-Masjidun Noor Jumma Mosque', score=100.0) — not linked, needs manual review."
445,conflict_to_resolve,"1 source(s) (dmrca), low confidence — has an unresolved candidate to adjudicate.",dmrca-R-1964-MT-50,MASJIDUR RAHMA,Matale,"HINAGALLA ROAD, MAKULAGASWEWA",R/1964/MT 50,,,low,"A low-confidence NSDI candidate exists (nsdiId=24145, name='Rahumania Mosque', score=71.4) — not linked, needs manual review."
446,conflict_to_resolve,"1 source(s) (dmrca), low confidence — has an unresolved candidate to adjudicate.",dmrca-R-2186-MT-55,MADRASATHUL JABAL MASJID,Matale,"158/8, KALUDAWELA CIRCULAR ROAD",R/2186/MT 55,,,low,"A low-confidence NSDI candidate exists (nsdiId=22253, name='Madrasathul Hameed Mosque', score=78.6) — not linked, needs manual review."
447,conflict_to_resolve,"1 source(s) (dmrca), low confidence — has an unresolved candidate to adjudicate.",dmrca-R-0275-MR-06,MOHIDEEN JUMMA MOSQUE,Matara,NEW STREET,R/0275/MR/06,,,low,"A low-confidence NSDI candidate exists (nsdiId=14149, name='Mohideen Jumma Musdeen Mosque', score=100.0) — not linked, needs manual review."
448,conflict_to_resolve,"1 source(s) (dmrca), low confidence — has an unresolved candidate to adjudicate.",dmrca-R-0356-MR-11,PORWAI MOHIDEEN MOSQUE,Matara,GODAPITIYA,R/0356/MR/11,,,low,"A low-confidence NSDI candidate exists (nsdiId=14694, name='Porwai Muhiyaddeen Jummah Mosque', score=84.8) — not linked, needs manual review."
449,conflict_to_resolve,"1 source(s) (dmrca), low confidence — has an unresolved candidate to adjudicate.",dmrca-R-0404-MR-15,MOHIDEEN JUMMA MOSQUE,Matara,"KANANGE ROAD, WELIPITIYA",R/0404/MR/15,,,low,"A low-confidence NSDI candidate exists (nsdiId=14054, name='Mohadeen Jumma Mosque', score=87.5) — not linked, needs manual review."
450,conflict_to_resolve,"1 source(s) (dmrca), low confidence — has an unresolved candidate to adjudicate.",dmrca-R-0488-MR-18,HASSAN HUSSAIN MOSQUE,Matara,MAIN STREET,R/0488/MR/18,,,low,"A low-confidence NSDI candidate exists (nsdiId=14212, name='Hasan Hsseiyan Mosque', score=78.6) — not linked, needs manual review."
451,conflict_to_resolve,"1 source(s) (dmrca), low confidence — has an unresolved candidate to adjudicate.",dmrca-R-253-PL-02,MOHIDEEN MOSQUE,Polonnaruwa,"MUSLIM COLONY, NORTH KADURUWELA",R/253/PL.02,,,low,"A low-confidence NSDI candidate exists (nsdiId=24695, name='Mohideen jumma mosque', score=100.0) — not linked, needs manual review."
452,conflict_to_resolve,"1 source(s) (dmrca), low confidence — has an unresolved candidate to adjudicate.",dmrca-R-703-PL-10,MOHIDEEN MOSQUE,Polonnaruwa,PUDUR,R/703/PL.10,,,low,"A low-confidence NSDI candidate exists (nsdiId=24770, name='MOHIDEEN JUMMA MOSQUE', score=100.0) — not linked, needs manual review."
453,conflict_to_resolve,"1 source(s) (dmrca), low confidence — has an unresolved candidate to adjudicate.",dmrca-R-09-P-01,MOHIDEEN JUMMA MOSQUE,Puttalam,PERUKKUWATTAN,R/09/P.01,,,low,"A low-confidence NSDI candidate exists (nsdiId=24628, name='Mohideen Thakkiya Mosque', score=100.0) — not linked, needs manual review."
454,conflict_to_resolve,"1 source(s) (dmrca), low confidence — has an unresolved candidate to adjudicate.",dmrca-R-079-P-08,MUHIYIDEEN JUMMA MOSQUE,Puttalam,KANDAKULI,R/079/P.08,,,low,"A low-confidence NSDI candidate exists (nsdiId=25066, name='Mujahideen Jumma Mosque', score=80.0) — not linked, needs manual review."
455,conflict_to_resolve,"1 source(s) (dmrca), low confidence — has an unresolved candidate to adjudicate.",dmrca-R-130-P-12,RAWTHER SAHIB MOSQUE,Puttalam,VELLANKARAI,R/130/P.12,,,low,"A low-confidence NSDI candidate exists (nsdiId=25150, name='Lahurthar Sahib Jumma Mosque', score=71.4) — not linked, needs manual review."
456,conflict_to_resolve,"1 source(s) (dmrca), low confidence — has an unresolved candidate to adjudicate.",dmrca-R-213-P-23,PATTANI SAHIB DHARGA MOSQUE,Puttalam,PULUDIVAYAL,R/213/P.23,,,low,"A low-confidence NSDI candidate exists (nsdiId=24630, name='Pattani Sahib Jumma Mosque', score=100.0) — not linked, needs manual review."
457,conflict_to_resolve,"1 source(s) (dmrca), low confidence — has an unresolved candidate to adjudicate.",dmrca-R-907-P-75,MOHIDEEN JUMMA MOSQUE,Puttalam,SANGATTIKULAM,R/907/P.75,,,low,"A low-confidence NSDI candidate exists (nsdiId=25100, name='Mohideen Jumma Mosque', score=100.0) — not linked, needs manual review."
458,conflict_to_resolve,"1 source(s) (dmrca), low confidence — has an unresolved candidate to adjudicate.",dmrca-R-909-P-77,MOHIDEEN THAKKIYA,Puttalam,PULUDIVAYAL,R/909/P.77,,,low,"A low-confidence NSDI candidate exists (nsdiId=25119, name='Mohideen a Mosque', score=100.0) — not linked, needs manual review."
459,conflict_to_resolve,"1 source(s) (dmrca), low confidence — has an unresolved candidate to adjudicate.",dmrca-R-937-P-78,MOHIDEEN JUMMA MOSQUE,Puttalam,KARAITIVU,R/937/P.78,,,low,"A low-confidence NSDI candidate exists (nsdiId=25129, name='Mohideen Jumma Mosque', score=100.0) — not linked, needs manual review."
460,conflict_to_resolve,"1 source(s) (dmrca), low confidence — has an unresolved candidate to adjudicate.",dmrca-R-1136-P-83,MOHIDEEN JUMMA MOSQUE,Puttalam,AMMATHODDAM,R/1136/P.83,,,low,"A low-confidence NSDI candidate exists (nsdiId=25132, name='Thakya Mohideen Mosque', score=100.0) — not linked, needs manual review."
461,conflict_to_resolve,"1 source(s) (dmrca), low confidence — has an unresolved candidate to adjudicate.",dmrca-R-1169-P-88,MOHIDEEN MOSQUE,Puttalam,"4TH MILE POST, MANNAR ROAD",R/1169/P.88,,,low,"A low-confidence NSDI candidate exists (nsdiId=25143, name='Mohideen Jumma Mosque', score=100.0) — not linked, needs manual review."
462,conflict_to_resolve,"1 source(s) (dmrca), low confidence — has an unresolved candidate to adjudicate.",dmrca-R-1190-P-92,MOHIDEEN KOTHUBA MOSQUE,Puttalam,POTTUVIL,R/1190/P.92,,,low,"A low-confidence NSDI candidate exists (nsdiId=25207, name='Mohideen Jumma Mosque', score=100.0) — not linked, needs manual review."
463,conflict_to_resolve,"1 source(s) (dmrca), low confidence — has an unresolved candidate to adjudicate.",dmrca-R-1911-P-173,MASJIDUL KOOFA,Puttalam,"KOOFA NAGAR, AHATHTHIMURIPPU, MUSALI ROAD",R/1911/P 173,,,low,"A low-confidence NSDI candidate exists (nsdiId=25165, name='Koobar Mosque', score=72.7) — not linked, needs manual review."
464,conflict_to_resolve,"1 source(s) (dmrca), low confidence — has an unresolved candidate to adjudicate.",dmrca-R-01-R-01,DAFTER ZAILANI MOHIDEEN MOSQUE,Ratnapura,BALANGODA,R/01/R/01,,,low,"A low-confidence NSDI candidate exists (nsdiId=16160, name='Mohideen Jumma Mosque', score=100.0) — not linked, needs manual review."
465,conflict_to_resolve,"1 source(s) (dmrca), low confidence — has an unresolved candidate to adjudicate.",dmrca-R-42-R-02,MOHIDEEN JUMMA MOSQUE,Ratnapura,OPANAYAKE,R/42/R/02,,,low,"A low-confidence NSDI candidate exists (nsdiId=17504, name='Mohideen Masjeed Mosque', score=100.0) — not linked, needs manual review."
466,conflict_to_resolve,"1 source(s) (dmrca), low confidence — has an unresolved candidate to adjudicate.",dmrca-R-370-R-11,MASJIDUN NOOR,Ratnapura,MORAGALA,R/370/R.11,,,low,"A low-confidence NSDI candidate exists (nsdiId=16366, name='Masjidul Noor Mosque', score=100.0) — not linked, needs manual review."
467,conflict_to_resolve,"1 source(s) (dmrca), low confidence — has an unresolved candidate to adjudicate.",dmrca-R-017-T-001,MUHIYIDEEN JUMMA MOSQUE,Trincomalee,AKKARAICHENAI,R/017/T/001,,,low,"A low-confidence NSDI candidate exists (nsdiId=25637, name='Muhaideen Jummah Mosque', score=84.2) — not linked, needs manual review."
468,conflict_to_resolve,"1 source(s) (dmrca), low confidence — has an unresolved candidate to adjudicate.",dmrca-R-112-T-004,MUHIYIDEEN JUMMA MOSQUE,Trincomalee,NILAVELI - 01,R/112/T/004,,,low,"A low-confidence NSDI candidate exists (nsdiId=25681, name='Muhaideen Jumma  Mosque', score=84.2) — not linked, needs manual review."
469,conflict_to_resolve,"1 source(s) (dmrca), low confidence — has an unresolved candidate to adjudicate.",dmrca-R-0671-T-030,MASJIDUL SALIHATH JUMMA MOSQUE,Trincomalee,SIRAJ NAGAR,R/0671/T/030,,,low,"A low-confidence NSDI candidate exists (nsdiId=25661, name='Salinath Grand Jumma Masjid', score=87.5) — not linked, needs manual review."
470,conflict_to_resolve,"1 source(s) (dmrca), low confidence — has an unresolved candidate to adjudicate.",dmrca-R-0676-T-033,MALAY (JAWA) KOTHBA MOSQUE,Trincomalee,KINNIYA,R/0676/T/033,,,low,"A low-confidence NSDI candidate exists (nsdiId=25748, name='Jawa jummah Mosque', score=100.0) — not linked, needs manual review."
471,conflict_to_resolve,"1 source(s) (dmrca), low confidence — has an unresolved candidate to adjudicate.",dmrca-R-0720-T-043,AL HIJRA JUMMA MASJID,Trincomalee,7TH COLONY,R/0720/T/043,,,low,"A low-confidence NSDI candidate exists (nsdiId=25729, name='Masjidul Hijra Mosque Kinniya', score=100.0) — not linked, needs manual review."
472,conflict_to_resolve,"1 source(s) (dmrca), low confidence — has an unresolved candidate to adjudicate.",dmrca-R-0954-T-054,BUHARY MOSQUE,Trincomalee,95TH MILE POST,R/0954/T/054,,,low,"A low-confidence NSDI candidate exists (nsdiId=25605, name='Buhari Jumma Mosque', score=83.3) — not linked, needs manual review."
473,conflict_to_resolve,"1 source(s) (dmrca), low confidence — has an unresolved candidate to adjudicate.",dmrca-R-1056-T-064,MASJIDU-UN-NOOR JUMMA MOSQUE,Trincomalee,"JINNAH NAGAR, LOVE LANE",R/1056/T/064,,,low,"A low-confidence NSDI candidate exists (nsdiId=25724, name='Masjidun Noor Mosque', score=100.0) — not linked, needs manual review."
474,conflict_to_resolve,"1 source(s) (dmrca), low confidence — has an unresolved candidate to adjudicate.",dmrca-R-1223-T-086,KHAIRIYA THAKKIYA,Trincomalee,KHAIRIYA NAGAR,R/1223/T/086,,,low,"A low-confidence NSDI candidate exists (nsdiId=25733, name='Masjidul Khair Jummah Mosque', score=76.9) — not linked, needs manual review."
475,conflict_to_resolve,"1 source(s) (dmrca), low confidence — has an unresolved candidate to adjudicate.",dmrca-R-12234-T-08-7,MASJIDUN NOOR JUMMA MOSQUE,Trincomalee,THAHA NAGAR,R/12234/T/08 7,,,low,"A low-confidence NSDI candidate exists (nsdiId=25743, name='Thakkiyathul Noor Mosque', score=100.0) — not linked, needs manual review."
476,conflict_to_resolve,"1 source(s) (dmrca), low confidence — has an unresolved candidate to adjudicate.",dmrca-R-1225-T-088,MASJIDUS SHAFIYA JUMMA MOSQUE,Trincomalee,SHAFI NAGAR,R/1225/T/088,,,low,"A low-confidence NSDI candidate exists (nsdiId=25762, name='Masjidul Rafiya Mosque', score=76.9) — not linked, needs manual review."
477,conflict_to_resolve,"1 source(s) (dmrca), low confidence — has an unresolved candidate to adjudicate.",dmrca-R-1240-T-094,MASJIDUL FALAH JUMMAH MOSQUE,Trincomalee,TOPPUR,R/1240/T/094,,,low,"A low-confidence NSDI candidate exists (nsdiId=25731, name='Masjidul Falah Jummah Mosque', score=100.0) — not linked, needs manual review."
478,conflict_to_resolve,"1 source(s) (dmrca), low confidence — has an unresolved candidate to adjudicate.",dmrca-R-1396-T-108,MASJIDUN NOOR,Trincomalee,"JABAL NAGAR, 6TH MILEPOST",R/1396/T/108,,,low,"A low-confidence NSDI candidate exists (nsdiId=25749, name='Masjidun Noor Mosque', score=100.0) — not linked, needs manual review."
479,conflict_to_resolve,"1 source(s) (dmrca), low confidence — has an unresolved candidate to adjudicate.",dmrca-R-1444-T-115,MOHAMEDIYA THAKKIYA,Trincomalee,THAMPALAKAMAM,R/1444/T/115,,,low,"A low-confidence NSDI candidate exists (nsdiId=25738, name='Masjidul Ohmiya Mosque', score=75.0) — not linked, needs manual review."
480,conflict_to_resolve,"1 source(s) (dmrca), low confidence — has an unresolved candidate to adjudicate.",dmrca-R-2152-T-199,MASJIDUL MADEENA,Trincomalee,HOSPITAL ROAD,R/2152/T 199,,,low,"A low-confidence NSDI candidate exists (nsdiId=25838, name='Muhadeen Jumma Masjid', score=80.0) — not linked, needs manual review."
481,conflict_to_resolve,"1 source(s) (dmrca), low confidence — has an unresolved candidate to adjudicate.",dmrca-R-2227-T-201,AL AQSHA MASJIDH,Trincomalee,KALLADIVETTUVAN,R/2227/T/201,,,low,"A low-confidence NSDI candidate exists (nsdiId=25735, name='Aqsha Mosque', score=100.0) — not linked, needs manual review."
482,conflict_to_resolve,"1 source(s) (dmrca), low confidence — has an unresolved candidate to adjudicate.",dmrca-R-1351-V-16,PUDUKUDIMUNAI MOHIDEEN MOSQUE,Vavuniya,SOODUVENTHAPULAVU,R/1351/V/16,,,low,"A low-confidence NSDI candidate exists (nsdiId=25887, name='Mohideen Jumma Mosque', score=100.0) — not linked, needs manual review."
483,conflict_to_resolve,"1 source(s) (dmrca), low confidence — has an unresolved candidate to adjudicate.",dmrca-R-1373-V-24,MOHIDEEN JUMMA MOSQUE,Vavuniya,ANAIVILUNTHAN,R/1373/V/24,,,low,"A low-confidence NSDI candidate exists (nsdiId=25999, name='Mahaideen Jummah Mosque', score=82.4) — not linked, needs manual review."
484,conflict_to_resolve,"1 source(s) (osm), low confidence — has an unresolved candidate to adjudicate.",osm-node-678259136,Masjidul Akbar Jumma Mosque Slave Island,,Kew Lane,,6.9245156,79.8530785,low,"Nearest NSDI point (id=18494, name='None') is 192.7m away — Closest OSM candidate is 193m away, contested by another nearby candidate, no name signal. Not linked, needs manual review."
485,conflict_to_resolve,"1 source(s) (osm), low confidence — has an unresolved candidate to adjudicate.",osm-node-1822758906,Kalutara Mosque,,,,6.5704428,79.9651988,low,"Nearest NSDI point (id=15997, name='Muhiyadeen Jumma Masjid') is 10.9m away — Nearest OSM mosque is 11m away, but its name ('Kalutara Mosque') doesn't resemble the NSDI name ('Muhiyadeen Jumma Masjid') — possible name conflict / two distinct nearby mosques. Not linked, needs manual review."
486,conflict_to_resolve,"1 source(s) (osm), low confidence — has an unresolved candidate to adjudicate.",osm-node-3314164004,Masjid Ul Rauff,,,,7.2695373,81.851244,low,"Nearest NSDI point (id=21145, name='Al-Mathrasathul Iqbal Mosque') is 47.2m away — Nearest OSM mosque is 47m away, but its name ('Masjid Ul Rauff') doesn't resemble the NSDI name ('Al-Mathrasathul Iqbal Mosque') — possible name conflict / two distinct nearby mosques. Not linked, needs manual review."
487,conflict_to_resolve,"1 source(s) (osm), low confidence — has an unresolved candidate to adjudicate.",osm-node-3318026006,Al Zareef Mosque,,,,7.3893426,81.8439102,low,"Nearest NSDI point (id=22107, name='None') is 294.3m away — Closest OSM candidate is 294m away, contested by another nearby candidate, no name signal. Not linked, needs manual review."
488,conflict_to_resolve,"1 source(s) (osm), low confidence — has an unresolved candidate to adjudicate.",osm-node-4414048679,Masjidhur Rahman,,,,8.6058213,80.3300782,low,"Nearest NSDI point (id=25887, name='Mohideen Jumma Mosque') is 36.3m away — Nearest OSM mosque is 36m away, but its name ('Masjidhur Rahman') doesn't resemble the NSDI name ('Mohideen Jumma Mosque') — possible name conflict / two distinct nearby mosques. Not linked, needs manual review."
489,conflict_to_resolve,"1 source(s) (osm), low confidence — has an unresolved candidate to adjudicate.",osm-node-5623934581,Keraminiya mosque,,,,7.2447433,80.4491027,low,"Nearest NSDI point (id=20919, name='Maduratul Latifiya Mosque') is 184.9m away — Nearest OSM mosque is 185m away, but its name ('Keraminiya mosque') doesn't resemble the NSDI name ('Maduratul Latifiya Mosque') — possible name conflict / two distinct nearby mosques. Not linked, needs manual review."
490,conflict_to_resolve,"1 source(s) (osm), low confidence — has an unresolved candidate to adjudicate.",osm-node-6615693730,gcjhdgh,,,,6.7509179,79.9048131,low,"Nearest NSDI point (id=16842, name='Manbaul') is 175.0m away — Nearest OSM mosque is 175m away, but its name ('gcjhdgh') doesn't resemble the NSDI name ('Manbaul') — possible name conflict / two distinct nearby mosques. Not linked, needs manual review."
491,conflict_to_resolve,"1 source(s) (osm), low confidence — has an unresolved candidate to adjudicate.",osm-node-6615733831,Dheeniya masjid مسجد,,,,6.7498779,79.8987903,low,"Nearest NSDI point (id=16829, name='Masjidul Ummy Henamulla') is 284.8m away — Nearest OSM mosque is 285m away, but its name ('Dheeniya masjid مسجد') doesn't resemble the NSDI name ('Masjidul Ummy Henamulla') — possible name conflict / two distinct nearby mosques. Not linked, needs manual review."
492,conflict_to_resolve,"1 source(s) (osm), low confidence — has an unresolved candidate to adjudicate.",osm-node-10068712240,An-Noor mosque,,,,7.2482448,80.4464584,low,"Nearest NSDI point (id=20946, name='Masjunul Jumma Mosque') is 10.2m away — Nearest OSM mosque is 10m away, but its name ('An-Noor mosque') doesn't resemble the NSDI name ('Masjunul Jumma Mosque') — possible name conflict / two distinct nearby mosques. Not linked, needs manual review."
493,conflict_to_resolve,"1 source(s) (osm), low confidence — has an unresolved candidate to adjudicate.",osm-node-10559799888,Baduwaththa Muhiyadeen Jumma Masjid,,,,6.836593,80.2766302,low,"Nearest NSDI point (id=17504, name='Mohideen Masjeed Mosque') is 11.8m away — Partial name match (53/100) at 12m, contested by a nearby alternative. Not linked, needs manual review."
494,conflict_to_resolve,"1 source(s) (osm), low confidence — has an unresolved candidate to adjudicate.",osm-node-10578236564,Masjidul Hudha jumma Mosque,,,,7.2537994,80.4548603,low,"Nearest NSDI point (id=20999, name='Jumma Mosque Hinguloya') is 11.0m away — Nearest OSM mosque is 11m away, but its name ('Masjidul Hudha jumma Mosque') doesn't resemble the NSDI name ('Jumma Mosque Hinguloya') — possible name conflict / two distinct nearby mosques. Not linked, needs manual review."
495,conflict_to_resolve,"1 source(s) (osm), low confidence — has an unresolved candidate to adjudicate.",osm-node-13339072325,Grand Mosque Kurinchipity,,,,8.2104715,79.7396533,low,"Nearest NSDI point (id=25205, name='Dhakkya  Mosque') is 298.0m away — Nearest OSM mosque is 298m away, but its name ('Grand Mosque Kurinchipity') doesn't resemble the NSDI name ('Dhakkya  Mosque') — possible name conflict / two distinct nearby mosques. Not linked, needs manual review."
496,conflict_to_resolve,"1 source(s) (osm), low confidence — has an unresolved candidate to adjudicate.",osm-node-13339072331,Kandakuliya Grand Jummah Masjidh,,,,8.2130346,79.7169189,low,"Nearest NSDI point (id=25207, name='Mohideen Jumma Mosque') is 31.7m away — Nearest OSM mosque is 32m away, but its name ('Kandakuliya Grand Jummah Masjidh') doesn't resemble the NSDI name ('Mohideen Jumma Mosque') — possible name conflict / two distinct nearby mosques. Not linked, needs manual review."
497,conflict_to_resolve,"1 source(s) (osm), low confidence — has an unresolved candidate to adjudicate.",osm-node-13575435498,Azhariya jumma masid,,,,7.3669569,80.62116,low,"Nearest NSDI point (id=21932, name='None') is 215.1m away — Closest OSM candidate is 215m away, contested by another nearby candidate, no name signal. Not linked, needs manual review."
498,conflict_to_resolve,"1 source(s) (osm), low confidence — has an unresolved candidate to adjudicate.",osm-way-287079524,Balapitiya Mosque,,,,6.2825329,80.0406809,low,"Nearest NSDI point (id=15140, name='Jumma Musjid') is 36.4m away — Nearest OSM mosque is 36m away, but its name ('Balapitiya Mosque') doesn't resemble the NSDI name ('Jumma Musjid') — possible name conflict / two distinct nearby mosques. Not linked, needs manual review."
499,conflict_to_resolve,"1 source(s) (osm), low confidence — has an unresolved candidate to adjudicate.",osm-way-386099600,"Aaysha Masjid, Valaichcenai",,,,7.9241486,81.5269635,low,"Nearest NSDI point (id=24565, name='') is 170.7m away — Closest OSM candidate is 171m away, contested by another nearby candidate, no name signal. Not linked, needs manual review."
500,conflict_to_resolve,"1 source(s) (osm), low confidence — has an unresolved candidate to adjudicate.",osm-way-497169972,Meerah Jumma Masjid,,,,5.9477121,80.5410598,low,"Nearest NSDI point (id=14061, name='Sindar Shake Madar Mosque') is 148.0m away — Nearest OSM mosque is 148m away, but its name ('Meerah Jumma Masjid') doesn't resemble the NSDI name ('Sindar Shake Madar Mosque') — possible name conflict / two distinct nearby mosques. Not linked, needs manual review."
501,conflict_to_resolve,"1 source(s) (osm), low confidence — has an unresolved candidate to adjudicate.",osm-way-572292227,Mohideen Jummah Mosque,,,,9.6763095,80.0082581,low,"Nearest NSDI point (id=27235, name='') is 150.6m away — Closest OSM candidate is 151m away, contested by another nearby candidate, no name signal. Not linked, needs manual review."
502,conflict_to_resolve,"1 source(s) (osm), low confidence — has an unresolved candidate to adjudicate.",osm-way-752687139,Buhary Masjid,,,,8.502746,81.1807534,low,"Nearest NSDI point (id=25733, name='Masjidul Khair Jummah Mosque') is 154.7m away — Partial name match (55/100) at 155m. Not linked, needs manual review."
503,conflict_to_resolve,"1 source(s) (osm), low confidence — has an unresolved candidate to adjudicate.",osm-way-757755330,,,,,8.0041654,80.2538184,low,"Nearest NSDI point (id=24749, name='') is 158.3m away — Closest OSM candidate is 158m away, contested by another nearby candidate, no name signal. Not linked, needs manual review."
504,conflict_to_resolve,"1 source(s) (osm), low confidence — has an unresolved candidate to adjudicate.",osm-way-1035496154,Nakshabandiya masjid,,,,6.5703078,79.9674667,low,"Nearest NSDI point (id=15996, name='Bamahrath Mujahdhamiya Mosque') is 28.5m away — Nearest OSM mosque is 29m away, but its name ('Nakshabandiya masjid') doesn't resemble the NSDI name ('Bamahrath Mujahdhamiya Mosque') — possible name conflict / two distinct nearby mosques. Not linked, needs manual review."
505,conflict_to_resolve,"1 source(s) (osm), low confidence — has an unresolved candidate to adjudicate.",osm-way-1104012454,Selam Bridge Jumma Masjid,,,,7.044434,80.5278752,low,"Nearest NSDI point (id=19693, name='Jumma Muslim Mosque') is 13.4m away — Nearest OSM mosque is 13m away, but its name ('Selam Bridge Jumma Masjid') doesn't resemble the NSDI name ('Jumma Muslim Mosque') — possible name conflict / two distinct nearby mosques. Not linked, needs manual review."
506,conflict_to_resolve,"1 source(s) (osm), low confidence — has an unresolved candidate to adjudicate.",osm-way-1167295611,Masjidul Noor Jummah Mosque,,,,7.4118949,80.6438577,low,"Nearest NSDI point (id=22267, name='Marukona Jumma Mosque') is 13.6m away — Nearest OSM mosque is 14m away, but its name ('Masjidul Noor Jummah Mosque') doesn't resemble the NSDI name ('Marukona Jumma Mosque') — possible name conflict / two distinct nearby mosques. Not linked, needs manual review."
507,conflict_to_resolve,"1 source(s) (osm), low confidence — has an unresolved candidate to adjudicate.",osm-way-1167295615,Maberiya Jummah Masjidh,,,,7.4184081,80.6421997,low,"Nearest NSDI point (id=22326, name='Masjidul Akbar Jumma Mosque') is 7.1m away — Nearest OSM mosque is 7m away, but its name ('Maberiya Jummah Masjidh') doesn't resemble the NSDI name ('Masjidul Akbar Jumma Mosque') — possible name conflict / two distinct nearby mosques. Not linked, needs manual review."
508,conflict_to_resolve,"1 source(s) (osm), low confidence — has an unresolved candidate to adjudicate.",osm-way-1183732924,Asjidul Ibraheem Zaviya,,,,6.7450428,79.9136125,low,"Nearest NSDI point (id=16804, name='Rawathul Athkiya Jumma Masjid') is 272.4m away — Nearest OSM mosque is 272m away, but its name ('Asjidul Ibraheem Zaviya') doesn't resemble the NSDI name ('Rawathul Athkiya Jumma Masjid') — possible name conflict / two distinct nearby mosques. Not linked, needs manual review."
509,conflict_to_resolve,"1 source(s) (osm), low confidence — has an unresolved candidate to adjudicate.",osm-way-1264135236,Thaikkanagar Jumma Mosque,,,,7.2365285,81.8535547,low,"Nearest NSDI point (id=20841, name='None') is 262.3m away — Closest OSM candidate is 262m away, contested by another nearby candidate, no name signal. Not linked, needs manual review."
510,conflict_to_resolve,"1 source(s) (osm), low confidence — has an unresolved candidate to adjudicate.",osm-way-1267880391,Dhana Al Buzairy Jumma Masjid,,,,7.2701699,81.847367,low,"Nearest NSDI point (id=21150, name='Thaha Al-Pusairi Jummah Mosque, Palamunai') is 9.2m away — Nearest OSM mosque is 9m away, but its name ('Dhana Al Buzairy Jumma Masjid') doesn't resemble the NSDI name ('Thaha Al-Pusairi Jummah Mosque, Palamunai') — possible name conflict / two distinct nearby mosques. Not linked, needs manual review."
511,conflict_to_resolve,"1 source(s) (osm), low confidence — has an unresolved candidate to adjudicate.",osm-way-1480031445,,,,,7.3669599,80.6211593,low,"Nearest NSDI point (id=21933, name='None') is 215.5m away — Closest OSM candidate is 215m away, contested by another nearby candidate, no name signal. Not linked, needs manual review."
512,conflict_to_resolve,"1 source(s) (osm), low confidence — has an unresolved candidate to adjudicate.",osm-way-1506647098,Senekaatu Palli,,,,8.4962675,81.1864889,low,"Nearest NSDI point (id=25714, name='Al Hira Mosque') is 269.9m away — Nearest OSM mosque is 270m away, but its name ('Senekaatu Palli') doesn't resemble the NSDI name ('Al Hira Mosque') — possible name conflict / two distinct nearby mosques. Not linked, needs manual review."
513,conflict_to_resolve,"1 source(s) (osm), low confidence — has an unresolved candidate to adjudicate.",osm-way-776884479,,,,,6.8752568,81.8349726,low,"Nearest NSDI point (id=17902, name='Al Nooraniya Mosque') is 271.1m away — Closest OSM candidate is 271m away, contested by another nearby candidate, no name signal. Not linked, needs manual review."
514,conflict_to_resolve,"1 source(s) (osm), low confidence — has an unresolved candidate to adjudicate.",osm-way-1040165981,,,,,6.9405535,79.8592753,low,"Nearest NSDI point (id=18762, name='Makamus sarifuddeen Mosque') is 122.7m away — Closest OSM candidate is 123m away, contested by another nearby candidate, no name signal. Not linked, needs manual review."
515,conflict_to_resolve,"1 source(s) (osm), low confidence — has an unresolved candidate to adjudicate.",osm-way-1167973230,Meera Maccam Jummah Masjid,,,,7.2983741,80.6352008,low,"Nearest NSDI point (id=21437, name='Meerakkam Mosque') is 0.9m away — Nearest OSM mosque is 1m away, but its name ('Meera Maccam Jummah Masjid') doesn't resemble the NSDI name ('Meerakkam Mosque') — possible name conflict / two distinct nearby mosques. Not linked, needs manual review."
516,conflict_to_resolve,"1 source(s) (osm), low confidence — has an unresolved candidate to adjudicate.",osm-way-1188664928,Masjidun NoorJummah Masjidh,,"Mahawatte, Atulugama",,6.698537,79.9933347,low,"Nearest NSDI point (id=16540, name='Masjidun Noor') is 91.0m away — Nearest OSM mosque is 91m away, but its name ('Masjidun NoorJummah Masjidh') doesn't resemble the NSDI name ('Masjidun Noor') — possible name conflict / two distinct nearby mosques. Not linked, needs manual review."
517,conflict_to_resolve,"1 source(s) (osm), low confidence — has an unresolved candidate to adjudicate.",osm-way-1497575017,school pray center,,,,7.2903238,81.8568958,low,"Nearest NSDI point (id=21371, name='AL Madrasathul Ilahiyya') is 221.7m away — Nearest OSM mosque is 222m away, but its name ('school pray center') doesn't resemble the NSDI name ('AL Madrasathul Ilahiyya') — possible name conflict / two distinct nearby mosques. Not linked, needs manual review."
518,conflict_to_resolve,"1 source(s) (osm), low confidence — has an unresolved candidate to adjudicate.",osm-way-1551102472,,,,,7.397076,81.832814,low,"Nearest NSDI point (id=22186, name='None') is 293.8m away — Closest OSM candidate is 294m away, contested by another nearby candidate, no name signal. Not linked, needs manual review."
